"../../../Engine/Plugins/2D/Paper2D/Content/PlaceholderTextures/DummySpriteTexture.ubulk" 0
"../../../Engine/Plugins/2D/Paper2D/Content/PlaceholderTextures/DummySpriteTexture.uasset" 1
"../../../Engine/Plugins/2D/Paper2D/Content/PlaceholderTextures/DummySpriteTexture.uexp" 2
"../../../Engine/Plugins/2D/Paper2D/Content/DummySprite.uasset" 3
"../../../Engine/Plugins/2D/Paper2D/Content/DummySprite.uexp" 4
"../../../Engine/Plugins/2D/Paper2D/Content/DefaultPaperTerrainMaterial.uasset" 5
"../../../Engine/Plugins/2D/Paper2D/Content/DefaultPaperTerrainMaterial.uexp" 6
"../../../Engine/Plugins/Animation/ACLPlugin/Content/ACLAnimBoneCompressionSettings.uasset" 7
"../../../Engine/Plugins/Animation/ACLPlugin/Content/ACLAnimBoneCompressionSettings.uexp" 8
"../../../Engine/Plugins/Animation/ACLPlugin/Content/ACLAnimCurveCompressionSettings.uasset" 9
"../../../Engine/Plugins/Animation/ACLPlugin/Content/ACLAnimCurveCompressionSettings.uexp" 10
"../../../Engine/Content/Animation/DefaultRecorderBoneCompression.uasset" 11
"../../../Engine/Content/Animation/DefaultRecorderBoneCompression.uexp" 12
"../../../Engine/Content/Animation/DefaultVariableFrameStrippingSettings.uasset" 13
"../../../Engine/Content/Animation/DefaultVariableFrameStrippingSettings.uexp" 14
"../../../Engine/Content/EngineFonts/Faces/DroidSansFallback.uexp" 15
"../../../Engine/Content/EngineFonts/Faces/DroidSansFallback.uasset" 16
"../../../Engine/Content/EngineFonts/Faces/DroidSansFallback.ufont" 17
"../../../Engine/Content/EngineFonts/Faces/RobotoBold.uexp" 18
"../../../Engine/Content/EngineFonts/Faces/RobotoBold.uasset" 19
"../../../Engine/Content/EngineFonts/Faces/RobotoBold.ufont" 20
"../../../Engine/Content/EngineFonts/Faces/RobotoBoldItalic.uexp" 21
"../../../Engine/Content/EngineFonts/Faces/RobotoBoldItalic.uasset" 22
"../../../Engine/Content/EngineFonts/Faces/RobotoBoldItalic.ufont" 23
"../../../Engine/Content/EngineFonts/Faces/RobotoItalic.uexp" 24
"../../../Engine/Content/EngineFonts/Faces/RobotoItalic.uasset" 25
"../../../Engine/Content/EngineFonts/Faces/RobotoItalic.ufont" 26
"../../../Engine/Content/EngineFonts/Faces/RobotoLight.uexp" 27
"../../../Engine/Content/EngineFonts/Faces/RobotoLight.uasset" 28
"../../../Engine/Content/EngineFonts/Faces/RobotoLight.ufont" 29
"../../../Engine/Content/EngineFonts/Faces/RobotoRegular.uexp" 30
"../../../Engine/Content/EngineFonts/Faces/RobotoRegular.uasset" 31
"../../../Engine/Content/EngineFonts/Faces/RobotoRegular.ufont" 32
"../../../Engine/Content/EngineFonts/Roboto.uasset" 33
"../../../Engine/Content/EngineFonts/Roboto.uexp" 34
"../../../Engine/Content/EngineMaterials/DefaultDestructiblePhysicalMaterial.uasset" 35
"../../../Engine/Content/EngineMaterials/DefaultDestructiblePhysicalMaterial.uexp" 36
"../../../Engine/Content/EngineSounds/Master.uasset" 37
"../../../Engine/Content/EngineSounds/Master.uexp" 38
"../../../Engine/Plugins/Animation/ControlRig/Content/Controls/DefaultGizmoLibraryNormalized.uasset" 39
"../../../Engine/Plugins/Animation/ControlRig/Content/Controls/DefaultGizmoLibraryNormalized.uexp" 40
"../../../Engine/Content/MobileResources/HUD/VirtualJoystick_Background.uasset" 41
"../../../Engine/Content/MobileResources/HUD/VirtualJoystick_Background.uexp" 42
"../../../Engine/Content/MobileResources/HUD/VirtualJoystick_Thumb.uasset" 43
"../../../Engine/Content/MobileResources/HUD/VirtualJoystick_Thumb.uexp" 44
"../../../Engine/Content/MobileResources/HUD/LeftVirtualJoystickOnly.uasset" 45
"../../../Engine/Content/MobileResources/HUD/LeftVirtualJoystickOnly.uexp" 46
"../../../Engine/Plugins/2D/Paper2D/Content/DefaultSpriteMaterial.uasset" 47
"../../../Engine/Plugins/2D/Paper2D/Content/DefaultSpriteMaterial.uexp" 48
"../../../Engine/Plugins/2D/Paper2D/Content/MaskedUnlitSpriteMaterial.uasset" 49
"../../../Engine/Plugins/2D/Paper2D/Content/MaskedUnlitSpriteMaterial.uexp" 50
"../../../Engine/Plugins/2D/Paper2D/Content/OpaqueUnlitSpriteMaterial.uasset" 51
"../../../Engine/Plugins/2D/Paper2D/Content/OpaqueUnlitSpriteMaterial.uexp" 52
"../../../Engine/Content/Functions/Engine_MaterialFunctions02/WorldPositionOffset/CameraOffset.uasset" 53
"../../../Engine/Content/Functions/Engine_MaterialFunctions02/WorldPositionOffset/CameraOffset.uexp" 54
"../../../Engine/Plugins/Animation/ControlRig/Content/M_Manip.uasset" 55
"../../../Engine/Plugins/Animation/ControlRig/Content/M_Manip.uexp" 56
"../../../Engine/Content/EditorLandscapeResources/DefaultAlphaTexture.uasset" 57
"../../../Engine/Content/EditorLandscapeResources/DefaultAlphaTexture.uexp" 58
"../../../Engine/Content/EditorLandscapeResources/ColorMaskBrushMaterial.uasset" 59
"../../../Engine/Content/EditorLandscapeResources/ColorMaskBrushMaterial.uexp" 60
"../../../Engine/Content/EditorLandscapeResources/ColorMaskBrushMaterial_MaskedRegion.uasset" 61
"../../../Engine/Content/EditorLandscapeResources/ColorMaskBrushMaterial_MaskedRegion.uexp" 62
"../../../Engine/Content/EditorLandscapeResources/LandscapeDirtyMaterial.uasset" 63
"../../../Engine/Content/EditorLandscapeResources/LandscapeDirtyMaterial.uexp" 64
"../../../Engine/Content/EngineMaterials/DefaultDiffuse.ubulk" 65
"../../../Engine/Content/EngineMaterials/DefaultDiffuse.uasset" 66
"../../../Engine/Content/EngineMaterials/DefaultDiffuse.uexp" 67
"../../../Engine/Content/Functions/Engine_MaterialFunctions01/Texturing/TextureCropping.uasset" 68
"../../../Engine/Content/Functions/Engine_MaterialFunctions01/Texturing/TextureCropping.uexp" 69
"../../../Engine/Content/Functions/Engine_MaterialFunctions02/ExampleContent/DebugNumberStrip.uasset" 70
"../../../Engine/Content/Functions/Engine_MaterialFunctions02/ExampleContent/DebugNumberStrip.uexp" 71
"../../../Engine/Content/Functions/Engine_MaterialFunctions01/Debug/DebugIntValues.uasset" 72
"../../../Engine/Content/Functions/Engine_MaterialFunctions01/Debug/DebugIntValues.uexp" 73
"../../../Engine/Content/Functions/Engine_MaterialFunctions02/Utility/BreakOutFloat2Components.uasset" 74
"../../../Engine/Content/Functions/Engine_MaterialFunctions02/Utility/BreakOutFloat2Components.uexp" 75
"../../../Engine/Content/Functions/Engine_MaterialFunctions01/Texturing/ScaleUVsByCenter.uasset" 76
"../../../Engine/Content/Functions/Engine_MaterialFunctions01/Texturing/ScaleUVsByCenter.uexp" 77
"../../../Engine/Content/Functions/Engine_MaterialFunctions02/WorldPositionOffset/LocalPosition.uasset" 78
"../../../Engine/Content/Functions/Engine_MaterialFunctions02/WorldPositionOffset/LocalPosition.uexp" 79
"../../../Engine/Content/EditorLandscapeResources/LandscapeLayerUsageMaterial.uasset" 80
"../../../Engine/Content/EditorLandscapeResources/LandscapeLayerUsageMaterial.uexp" 81
"../../../Engine/Content/EditorLandscapeResources/WhiteSquareTexture.uasset" 82
"../../../Engine/Content/EditorLandscapeResources/WhiteSquareTexture.uexp" 83
"../../../Engine/Content/EditorLandscapeResources/LayerVisMaterial.uasset" 84
"../../../Engine/Content/EditorLandscapeResources/LayerVisMaterial.uexp" 85
"../../../Engine/Content/Functions/Engine_MaterialFunctions02/Utility/MakeFloat3.uasset" 86
"../../../Engine/Content/Functions/Engine_MaterialFunctions02/Utility/MakeFloat3.uexp" 87
"../../../Engine/Content/Functions/Engine_MaterialFunctions03/Math/WithinRangeFloat2.uasset" 88
"../../../Engine/Content/Functions/Engine_MaterialFunctions03/Math/WithinRangeFloat2.uexp" 89
"../../../Engine/Content/EditorLandscapeResources/MaskBrushMaterial.uasset" 90
"../../../Engine/Content/EditorLandscapeResources/MaskBrushMaterial.uexp" 91
"../../../Engine/Content/EditorLandscapeResources/MaskBrushMaterial_MaskedRegion.uasset" 92
"../../../Engine/Content/EditorLandscapeResources/MaskBrushMaterial_MaskedRegion.uexp" 93
"../../../Engine/Content/EditorLandscapeResources/SelectBrushMaterial.uasset" 94
"../../../Engine/Content/EditorLandscapeResources/SelectBrushMaterial.uexp" 95
"../../../Engine/Content/EditorLandscapeResources/SelectBrushMaterial_Selected.uasset" 96
"../../../Engine/Content/EditorLandscapeResources/SelectBrushMaterial_Selected.uexp" 97
"../../../Engine/Content/EditorLandscapeResources/SelectBrushMaterial_SelectedRegion.uasset" 98
"../../../Engine/Content/EditorLandscapeResources/SelectBrushMaterial_SelectedRegion.uexp" 99
"../../../Engine/Content/EditorLandscapeResources/SplineEditorMeshMat.uasset" 100
"../../../Engine/Content/EditorLandscapeResources/SplineEditorMeshMat.uexp" 101
"../../../Engine/Content/EditorLandscapeResources/SplineEditorMesh.ubulk" 102
"../../../Engine/Content/EditorLandscapeResources/SplineEditorMesh.uasset" 103
"../../../Engine/Content/EditorLandscapeResources/SplineEditorMesh.uexp" 104
"../../../Engine/Content/EngineDebugMaterials/DebugEditorMaterial.uasset" 105
"../../../Engine/Content/EngineDebugMaterials/DebugEditorMaterial.uexp" 106
"../../../Engine/Content/EngineDebugMaterials/DebugMeshMaterial.uasset" 107
"../../../Engine/Content/EngineDebugMaterials/DebugMeshMaterial.uexp" 108
"../../../Engine/Content/EditorMaterials/PhAT_NoCollisionMaterial.uasset" 109
"../../../Engine/Content/EditorMaterials/PhAT_NoCollisionMaterial.uexp" 110
"../../../Engine/Content/EditorMaterials/PhAT_UnselectedMaterial.uasset" 111
"../../../Engine/Content/EditorMaterials/PhAT_UnselectedMaterial.uexp" 112
"../../../Engine/Content/EditorMaterials/PreviewShadowIndicator.ubulk" 113
"../../../Engine/Content/EditorMaterials/PreviewShadowIndicator.uasset" 114
"../../../Engine/Content/EditorMaterials/PreviewShadowIndicator.uexp" 115
"../../../Engine/Content/EditorMaterials/PreviewShadowIndicatorMaterial.uasset" 116
"../../../Engine/Content/EditorMaterials/PreviewShadowIndicatorMaterial.uexp" 117
"../../../Engine/Content/EngineDebugMaterials/M_SimpleUnlitTranslucent.uasset" 118
"../../../Engine/Content/EngineDebugMaterials/M_SimpleUnlitTranslucent.uexp" 119
"../../../Engine/Content/Functions/Engine_MaterialFunctions02/Utility/CameraDirectionVector.uasset" 120
"../../../Engine/Content/Functions/Engine_MaterialFunctions02/Utility/CameraDirectionVector.uexp" 121
"../../../Engine/Content/EngineDebugMaterials/VolumeToRender.uasset" 122
"../../../Engine/Content/EngineDebugMaterials/VolumeToRender.uexp" 123
"../../../Engine/Content/EngineDebugMaterials/M_VolumeRenderSphereTracePP.uasset" 124
"../../../Engine/Content/EngineDebugMaterials/M_VolumeRenderSphereTracePP.uexp" 125
"../../../Engine/Content/EngineMaterials/DefaultBloomKernel.uasset" 126
"../../../Engine/Content/EngineMaterials/DefaultBloomKernel.uexp" 127
"../../../Engine/Content/EngineMaterials/DefaultBokeh.uasset" 128
"../../../Engine/Content/EngineMaterials/DefaultBokeh.uexp" 129
"../../../Engine/Content/EngineMaterials/SMAAAreaTex.uasset" 130
"../../../Engine/Content/EngineMaterials/SMAAAreaTex.uexp" 131
"../../../Engine/Content/EngineMaterials/SMAASearchTex.uasset" 132
"../../../Engine/Content/EngineMaterials/SMAASearchTex.uexp" 133
"../../../Engine/Content/EditorResources/BSPVertex.uasset" 134
"../../../Engine/Content/EditorResources/BSPVertex.uexp" 135
"../../../Engine/Content/EngineMaterials/DefaultDeferredDecalMaterial.uasset" 136
"../../../Engine/Content/EngineMaterials/DefaultDeferredDecalMaterial.uexp" 137
"../../../Engine/Content/EngineMaterials/T_Default_Material_Grid_M.ubulk" 138
"../../../Engine/Content/EngineMaterials/T_Default_Material_Grid_M.uasset" 139
"../../../Engine/Content/EngineMaterials/T_Default_Material_Grid_M.uexp" 140
"../../../Engine/Content/EngineMaterials/T_Default_Material_Grid_N.ubulk" 141
"../../../Engine/Content/EngineMaterials/T_Default_Material_Grid_N.uasset" 142
"../../../Engine/Content/EngineMaterials/T_Default_Material_Grid_N.uexp" 143
"../../../Engine/Content/Functions/Engine_MaterialFunctions01/Opacity/CameraDepthFade.uasset" 144
"../../../Engine/Content/Functions/Engine_MaterialFunctions01/Opacity/CameraDepthFade.uexp" 145
"../../../Engine/Content/EngineMaterials/WorldGridMaterial.uasset" 146
"../../../Engine/Content/EngineMaterials/WorldGridMaterial.uexp" 147
"../../../Engine/Plugins/Media/MediaPlate/Content/SM_MediaPlateScreen.ubulk" 148
"../../../Engine/Plugins/Media/MediaPlate/Content/SM_MediaPlateScreen.uasset" 149
"../../../Engine/Plugins/Media/MediaPlate/Content/SM_MediaPlateScreen.uexp" 150
"../../../Engine/Content/EngineMaterials/DefaultLightFunctionMaterial.uasset" 151
"../../../Engine/Content/EngineMaterials/DefaultLightFunctionMaterial.uexp" 152
"../../../Engine/Content/Functions/Engine_MaterialFunctions02/SplitComponents.uasset" 153
"../../../Engine/Content/Functions/Engine_MaterialFunctions02/SplitComponents.uexp" 154
"../../../Engine/Content/Functions/Engine_MaterialFunctions02/Utility/BreakOutFloat3Components.uasset" 155
"../../../Engine/Content/Functions/Engine_MaterialFunctions02/Utility/BreakOutFloat3Components.uexp" 156
"../../../Engine/Content/Functions/Engine_MaterialFunctions02/Math/Transform3x3Matrix.uasset" 157
"../../../Engine/Content/Functions/Engine_MaterialFunctions02/Math/Transform3x3Matrix.uexp" 158
"../../../Engine/Content/VREditor/SnapGrid/SnapGridMaterial.uasset" 159
"../../../Engine/Content/VREditor/SnapGrid/SnapGridMaterial.uexp" 160
"../../../Engine/Content/VREditor/SnapGrid/SnapGridPlaneMesh.ubulk" 161
"../../../Engine/Content/VREditor/SnapGrid/SnapGridPlaneMesh.uasset" 162
"../../../Engine/Content/VREditor/SnapGrid/SnapGridPlaneMesh.uexp" 163
"../../../Engine/Content/VREditor/LaserPointer/VR_LaserPower_01.ubulk" 164
"../../../Engine/Content/VREditor/LaserPointer/VR_LaserPower_01.uasset" 165
"../../../Engine/Content/VREditor/LaserPointer/VR_LaserPower_01.uexp" 166
"../../../Engine/Content/VREditor/TransformGizmo/TransformGizmoMaterial.uasset" 167
"../../../Engine/Content/VREditor/TransformGizmo/TransformGizmoMaterial.uexp" 168
"../../../Engine/Content/VREditor/TransformGizmo/TranslucentTransformGizmoMaterial.uasset" 169
"../../../Engine/Content/VREditor/TransformGizmo/TranslucentTransformGizmoMaterial.uexp" 170
"../../../Engine/Content/VREditor/TransformGizmo/PlaneTranslationHandle.ubulk" 171
"../../../Engine/Content/VREditor/TransformGizmo/PlaneTranslationHandle.uasset" 172
"../../../Engine/Content/VREditor/TransformGizmo/PlaneTranslationHandle.uexp" 173
"../../../Engine/Content/VREditor/TransformGizmo/RotationHandleFull.ubulk" 174
"../../../Engine/Content/VREditor/TransformGizmo/RotationHandleFull.uasset" 175
"../../../Engine/Content/VREditor/TransformGizmo/RotationHandleFull.uexp" 176
"../../../Engine/Content/VREditor/TransformGizmo/RotationHandleIndicator.ubulk" 177
"../../../Engine/Content/VREditor/TransformGizmo/RotationHandleIndicator.uasset" 178
"../../../Engine/Content/VREditor/TransformGizmo/RotationHandleIndicator.uexp" 179
"../../../Engine/Content/VREditor/TransformGizmo/RotationHandleQuarter.ubulk" 180
"../../../Engine/Content/VREditor/TransformGizmo/RotationHandleQuarter.uasset" 181
"../../../Engine/Content/VREditor/TransformGizmo/RotationHandleQuarter.uexp" 182
"../../../Engine/Content/VREditor/TransformGizmo/StartRotationHandleIndicator.ubulk" 183
"../../../Engine/Content/VREditor/TransformGizmo/StartRotationHandleIndicator.uasset" 184
"../../../Engine/Content/VREditor/TransformGizmo/StartRotationHandleIndicator.uexp" 185
"../../../Engine/Content/VREditor/TransformGizmo/TranslucentTransformGizmoMaterial_Inst.uasset" 186
"../../../Engine/Content/VREditor/TransformGizmo/TranslucentTransformGizmoMaterial_Inst.uexp" 187
"../../../Engine/Content/VREditor/TransformGizmo/TransformGizmoFreeRotation.ubulk" 188
"../../../Engine/Content/VREditor/TransformGizmo/TransformGizmoFreeRotation.uasset" 189
"../../../Engine/Content/VREditor/TransformGizmo/TransformGizmoFreeRotation.uexp" 190
"../../../Engine/Content/VREditor/TransformGizmo/TransformGizmoMaterial_Inst.uasset" 191
"../../../Engine/Content/VREditor/TransformGizmo/TransformGizmoMaterial_Inst.uexp" 192
"../../../Engine/Content/VREditor/TransformGizmo/TranslateArrowHandle.ubulk" 193
"../../../Engine/Content/VREditor/TransformGizmo/TranslateArrowHandle.uasset" 194
"../../../Engine/Content/VREditor/TransformGizmo/TranslateArrowHandle.uexp" 195
"../../../Engine/Content/VREditor/TransformGizmo/UniformScaleHandle.ubulk" 196
"../../../Engine/Content/VREditor/TransformGizmo/UniformScaleHandle.uasset" 197
"../../../Engine/Content/VREditor/TransformGizmo/UniformScaleHandle.uexp" 198
"../../../Engine/Content/VREditor/Sounds/UI/Drop_Item_From_ContentBrowser.ubulk" 199
"../../../Engine/Content/VREditor/Sounds/UI/Drop_Item_From_ContentBrowser.uasset" 200
"../../../Engine/Content/VREditor/Sounds/UI/Drop_Item_From_ContentBrowser.uexp" 201
"../../../Engine/Content/VREditor/Sounds/UI/Gizmo_Handle_Clicked.ubulk" 202
"../../../Engine/Content/VREditor/Sounds/UI/Gizmo_Handle_Clicked.uasset" 203
"../../../Engine/Content/VREditor/Sounds/UI/Gizmo_Handle_Clicked.uexp" 204
"../../../Engine/Content/VREditor/Sounds/UI/Object_PickUp.ubulk" 205
"../../../Engine/Content/VREditor/Sounds/UI/Object_PickUp.uasset" 206
"../../../Engine/Content/VREditor/Sounds/UI/Object_PickUp.uexp" 207
"../../../Engine/Content/VREditor/Sounds/UI/Object_Snaps_To_Another_Actor.ubulk" 208
"../../../Engine/Content/VREditor/Sounds/UI/Object_Snaps_To_Another_Actor.uasset" 209
"../../../Engine/Content/VREditor/Sounds/UI/Object_Snaps_To_Another_Actor.uexp" 210
"../../../Engine/Content/VREditor/Sounds/UI/Object_Snaps_To_Grid.ubulk" 211
"../../../Engine/Content/VREditor/Sounds/UI/Object_Snaps_To_Grid.uasset" 212
"../../../Engine/Content/VREditor/Sounds/UI/Object_Snaps_To_Grid.uexp" 213
"../../../Engine/Content/VREditor/Sounds/UI/Scaling_Down.ubulk" 214
"../../../Engine/Content/VREditor/Sounds/UI/Scaling_Down.uasset" 215
"../../../Engine/Content/VREditor/Sounds/UI/Scaling_Down.uexp" 216
"../../../Engine/Content/VREditor/Sounds/UI/Scaling_Up.ubulk" 217
"../../../Engine/Content/VREditor/Sounds/UI/Scaling_Up.uasset" 218
"../../../Engine/Content/VREditor/Sounds/UI/Scaling_Up.uexp" 219
"../../../Engine/Content/VREditor/Sounds/UI/Selection_Changes.ubulk" 220
"../../../Engine/Content/VREditor/Sounds/UI/Selection_Changes.uasset" 221
"../../../Engine/Content/VREditor/Sounds/UI/Selection_Changes.uexp" 222
"../../../Engine/Plugins/Animation/ControlRig/Content/Controls/ControlRigGizmoMaterial.uasset" 223
"../../../Engine/Plugins/Animation/ControlRig/Content/Controls/ControlRigGizmoMaterial.uexp" 224
"../../../Engine/Content/EngineMaterials/DefaultPostProcessMaterial.uasset" 225
"../../../Engine/Content/EngineMaterials/DefaultPostProcessMaterial.uexp" 226
"../../../Engine/Plugins/Animation/ControlRig/Content/Controls/ControlRigXRayMaterial.uasset" 227
"../../../Engine/Plugins/Animation/ControlRig/Content/Controls/ControlRigXRayMaterial.uexp" 228
"../../../Engine/Plugins/Animation/ControlRig/Content/Controls/ControlRig_Arrow2_1mm.ubulk" 229
"../../../Engine/Plugins/Animation/ControlRig/Content/Controls/ControlRig_Arrow2_1mm.uasset" 230
"../../../Engine/Plugins/Animation/ControlRig/Content/Controls/ControlRig_Arrow2_1mm.uexp" 231
"../../../Engine/Content/EngineFonts/RobotoDistanceField.uasset" 232
"../../../Engine/Content/EngineFonts/RobotoDistanceField.uexp" 233
"../../../Engine/Content/EngineMaterials/DefaultTextMaterialOpaque.uasset" 234
"../../../Engine/Content/EngineMaterials/DefaultTextMaterialOpaque.uexp" 235
"../../../Engine/Plugins/Animation/ControlRig/Content/Controls/ControlRig_Arrow2_3mm.ubulk" 236
"../../../Engine/Plugins/Animation/ControlRig/Content/Controls/ControlRig_Arrow2_3mm.uasset" 237
"../../../Engine/Plugins/Animation/ControlRig/Content/Controls/ControlRig_Arrow2_3mm.uexp" 238
"../../../Engine/Content/BasicShapes/BasicShapeMaterial.uasset" 239
"../../../Engine/Content/BasicShapes/BasicShapeMaterial.uexp" 240
"../../../Engine/Content/EngineMaterials/WeightMapPlaceholderTexture.uasset" 241
"../../../Engine/Content/EngineMaterials/WeightMapPlaceholderTexture.uexp" 242
"../../../Engine/Content/EngineMaterials/WeightMapArrayPlaceholderTexture.uasset" 243
"../../../Engine/Content/EngineMaterials/WeightMapArrayPlaceholderTexture.uexp" 244
"../../../Engine/Plugins/Animation/ControlRig/Content/Controls/ControlRig_Arrow2_solid.ubulk" 245
"../../../Engine/Plugins/Animation/ControlRig/Content/Controls/ControlRig_Arrow2_solid.uasset" 246
"../../../Engine/Plugins/Animation/ControlRig/Content/Controls/ControlRig_Arrow2_solid.uexp" 247
"../../../Engine/Plugins/Animation/ControlRig/Content/Controls/ControlRig_Arrow4_1mm.ubulk" 248
"../../../Engine/Plugins/Animation/ControlRig/Content/Controls/ControlRig_Arrow4_1mm.uasset" 249
"../../../Engine/Plugins/Animation/ControlRig/Content/Controls/ControlRig_Arrow4_1mm.uexp" 250
"../../../Engine/Content/EngineMaterials/DefaultWhiteGrid.ubulk" 251
"../../../Engine/Content/EngineMaterials/DefaultWhiteGrid.uasset" 252
"../../../Engine/Content/EngineMaterials/DefaultWhiteGrid.uexp" 253
"../../../Engine/Content/EngineMaterials/DefaultMaterial.uasset" 254
"../../../Engine/Content/EngineMaterials/DefaultMaterial.uexp" 255
"../../../Engine/Content/BasicShapes/Cone.ubulk" 256
"../../../Engine/Content/BasicShapes/Cone.uasset" 257
"../../../Engine/Content/BasicShapes/Cone.uexp" 258
"../../../Engine/Plugins/Animation/ControlRig/Content/Controls/ControlRig_Arrow4_3mm.ubulk" 259
"../../../Engine/Plugins/Animation/ControlRig/Content/Controls/ControlRig_Arrow4_3mm.uasset" 260
"../../../Engine/Plugins/Animation/ControlRig/Content/Controls/ControlRig_Arrow4_3mm.uexp" 261
"../../../Engine/Plugins/Animation/ControlRig/Content/Controls/ControlRig_Arrow4_solid.ubulk" 262
"../../../Engine/Plugins/Animation/ControlRig/Content/Controls/ControlRig_Arrow4_solid.uasset" 263
"../../../Engine/Plugins/Animation/ControlRig/Content/Controls/ControlRig_Arrow4_solid.uexp" 264
"../../../Engine/Content/EngineResources/WhiteSquareTexture.uasset" 265
"../../../Engine/Content/EngineResources/WhiteSquareTexture.uexp" 266
"../../../Engine/Content/EngineMaterials/Widget3DPassThrough.uasset" 267
"../../../Engine/Content/EngineMaterials/Widget3DPassThrough.uexp" 268
"../../../Engine/Content/EngineMaterials/Widget3DPassThrough_Masked.uasset" 269
"../../../Engine/Content/EngineMaterials/Widget3DPassThrough_Masked.uexp" 270
"../../../Engine/Content/BasicShapes/Cylinder.ubulk" 271
"../../../Engine/Content/BasicShapes/Cylinder.uasset" 272
"../../../Engine/Content/BasicShapes/Cylinder.uexp" 273
"../../../Engine/Content/EngineMaterials/Widget3DPassThrough_Opaque.uasset" 274
"../../../Engine/Content/EngineMaterials/Widget3DPassThrough_Opaque.uexp" 275
"../../../Engine/Content/EngineMaterials/Widget3DPassThrough_Masked_OneSided.uasset" 276
"../../../Engine/Content/EngineMaterials/Widget3DPassThrough_Masked_OneSided.uexp" 277
"../../../Engine/Plugins/Animation/ControlRig/Content/Controls/ControlRig_Arrow_1mm.ubulk" 278
"../../../Engine/Plugins/Animation/ControlRig/Content/Controls/ControlRig_Arrow_1mm.uasset" 279
"../../../Engine/Plugins/Animation/ControlRig/Content/Controls/ControlRig_Arrow_1mm.uexp" 280
"../../../Engine/Plugins/Animation/ControlRig/Content/Controls/ControlRig_Arrow_3mm.ubulk" 281
"../../../Engine/Plugins/Animation/ControlRig/Content/Controls/ControlRig_Arrow_3mm.uasset" 282
"../../../Engine/Plugins/Animation/ControlRig/Content/Controls/ControlRig_Arrow_3mm.uexp" 283
"../../../Engine/Content/EngineMaterials/Widget3DPassThrough_Opaque_OneSided.uasset" 284
"../../../Engine/Content/EngineMaterials/Widget3DPassThrough_Opaque_OneSided.uexp" 285
"../../../Engine/Plugins/Animation/ControlRig/Content/Controls/ControlRig_Arrow_solid.ubulk" 286
"../../../Engine/Plugins/Animation/ControlRig/Content/Controls/ControlRig_Arrow_solid.uasset" 287
"../../../Engine/Plugins/Animation/ControlRig/Content/Controls/ControlRig_Arrow_solid.uexp" 288
"../../../Engine/Content/EditorResources/S_Actor.ubulk" 289
"../../../Engine/Content/EditorResources/S_Actor.uasset" 290
"../../../Engine/Content/EditorResources/S_Actor.uexp" 291
"../../../Engine/Content/EngineMaterials/DefaultWhiteGrid_Low.uasset" 292
"../../../Engine/Content/EngineMaterials/DefaultWhiteGrid_Low.uexp" 293
"../../../Engine/Content/EngineMaterials/EmissiveMeshMaterial.uasset" 294
"../../../Engine/Content/EngineMaterials/EmissiveMeshMaterial.uexp" 295
"../../../Engine/Content/BasicShapes/Sphere.ubulk" 296
"../../../Engine/Content/BasicShapes/Sphere.uasset" 297
"../../../Engine/Content/BasicShapes/Sphere.uexp" 298
"../../../Engine/Plugins/Animation/ControlRig/Content/Controls/ControlRig_Box_1mm.ubulk" 299
"../../../Engine/Plugins/Animation/ControlRig/Content/Controls/ControlRig_Box_1mm.uasset" 300
"../../../Engine/Plugins/Animation/ControlRig/Content/Controls/ControlRig_Box_1mm.uexp" 301
"../../../Engine/Content/EngineMaterials/Widget3DPassThrough_Translucent.uasset" 302
"../../../Engine/Content/EngineMaterials/Widget3DPassThrough_Translucent.uexp" 303
"../../../Engine/Content/EngineMaterials/Widget3DPassThrough_Translucent_OneSided.uasset" 304
"../../../Engine/Content/EngineMaterials/Widget3DPassThrough_Translucent_OneSided.uexp" 305
"../../../Engine/Plugins/Animation/ControlRig/Content/Controls/ControlRig_Box_3mm.ubulk" 306
"../../../Engine/Plugins/Animation/ControlRig/Content/Controls/ControlRig_Box_3mm.uasset" 307
"../../../Engine/Plugins/Animation/ControlRig/Content/Controls/ControlRig_Box_3mm.uexp" 308
"../../../Engine/Plugins/Animation/ControlRig/Content/Controls/ControlRig_Box_solid.ubulk" 309
"../../../Engine/Plugins/Animation/ControlRig/Content/Controls/ControlRig_Box_solid.uasset" 310
"../../../Engine/Plugins/Animation/ControlRig/Content/Controls/ControlRig_Box_solid.uexp" 311
"../../../Engine/Content/EditorResources/S_BoxReflectionCapture.uasset" 312
"../../../Engine/Content/EditorResources/S_BoxReflectionCapture.uexp" 313
"../../../Engine/Plugins/Animation/ControlRig/Content/Controls/ControlRig_Circle_1mm.ubulk" 314
"../../../Engine/Plugins/Animation/ControlRig/Content/Controls/ControlRig_Circle_1mm.uasset" 315
"../../../Engine/Plugins/Animation/ControlRig/Content/Controls/ControlRig_Circle_1mm.uexp" 316
"../../../Engine/Content/EngineMaterials/FastBlueNoise_scalar_128x128x64.uasset" 317
"../../../Engine/Content/EngineMaterials/FastBlueNoise_scalar_128x128x64.uexp" 318
"../../../Engine/Plugins/Animation/ControlRig/Content/Controls/ControlRig_Circle_3mm.ubulk" 319
"../../../Engine/Plugins/Animation/ControlRig/Content/Controls/ControlRig_Circle_3mm.uasset" 320
"../../../Engine/Plugins/Animation/ControlRig/Content/Controls/ControlRig_Circle_3mm.uexp" 321
"../../../Engine/Plugins/Animation/ControlRig/Content/Controls/ControlRig_Circle_solid.ubulk" 322
"../../../Engine/Plugins/Animation/ControlRig/Content/Controls/ControlRig_Circle_solid.uasset" 323
"../../../Engine/Plugins/Animation/ControlRig/Content/Controls/ControlRig_Circle_solid.uexp" 324
"../../../Engine/Content/EngineMaterials/FastBlueNoise_scalar_128x128x8.uasset" 325
"../../../Engine/Content/EngineMaterials/FastBlueNoise_scalar_128x128x8.uexp" 326
"../../../Engine/Plugins/Animation/ControlRig/Content/Controls/ControlRig_Diamond_1mm.ubulk" 327
"../../../Engine/Plugins/Animation/ControlRig/Content/Controls/ControlRig_Diamond_1mm.uasset" 328
"../../../Engine/Plugins/Animation/ControlRig/Content/Controls/ControlRig_Diamond_1mm.uexp" 329
"../../../Engine/Plugins/Animation/ControlRig/Content/Controls/ControlRig_Diamond_3mm.ubulk" 330
"../../../Engine/Plugins/Animation/ControlRig/Content/Controls/ControlRig_Diamond_3mm.uasset" 331
"../../../Engine/Plugins/Animation/ControlRig/Content/Controls/ControlRig_Diamond_3mm.uexp" 332
"../../../Engine/Content/EngineMaterials/FastBlueNoise_vec2_128x128x64.uasset" 333
"../../../Engine/Content/EngineMaterials/FastBlueNoise_vec2_128x128x64.uexp" 334
"../../../Engine/Plugins/Animation/ControlRig/Content/Controls/ControlRig_Diamond_solid.ubulk" 335
"../../../Engine/Plugins/Animation/ControlRig/Content/Controls/ControlRig_Diamond_solid.uasset" 336
"../../../Engine/Plugins/Animation/ControlRig/Content/Controls/ControlRig_Diamond_solid.uexp" 337
"../../../Engine/Content/EngineMaterials/BaseFlattenDiffuseMap.uasset" 338
"../../../Engine/Content/EngineMaterials/BaseFlattenDiffuseMap.uexp" 339
"../../../Engine/Content/EngineMaterials/BaseFlattenEmissiveMap.uasset" 340
"../../../Engine/Content/EngineMaterials/BaseFlattenEmissiveMap.uexp" 341
"../../../Engine/Content/EngineMaterials/BaseFlattenGrayscaleMap.uasset" 342
"../../../Engine/Content/EngineMaterials/BaseFlattenGrayscaleMap.uexp" 343
"../../../Engine/Content/EngineMaterials/BaseFlattenLinearColor.uasset" 344
"../../../Engine/Content/EngineMaterials/BaseFlattenLinearColor.uexp" 345
"../../../Engine/Content/EngineMaterials/BaseFlattenNormalMap.uasset" 346
"../../../Engine/Content/EngineMaterials/BaseFlattenNormalMap.uexp" 347
"../../../Engine/Content/Functions/Engine_MaterialFunctions02/PivotPainter2/Black_1x1_EXR_Texture.uasset" 348
"../../../Engine/Content/Functions/Engine_MaterialFunctions02/PivotPainter2/Black_1x1_EXR_Texture.uexp" 349
"../../../Engine/Content/EngineMaterials/FlattenMaterial.uasset" 350
"../../../Engine/Content/EngineMaterials/FlattenMaterial.uexp" 351
"../../../Engine/Plugins/Animation/ControlRig/Content/Controls/ControlRig_HalfCircle_1mm.ubulk" 352
"../../../Engine/Plugins/Animation/ControlRig/Content/Controls/ControlRig_HalfCircle_1mm.uasset" 353
"../../../Engine/Plugins/Animation/ControlRig/Content/Controls/ControlRig_HalfCircle_1mm.uexp" 354
"../../../Engine/Content/EngineMaterials/BaseFlattenDiffuseMap_VT.uasset" 355
"../../../Engine/Content/EngineMaterials/BaseFlattenDiffuseMap_VT.uexp" 356
"../../../Engine/Content/EngineMaterials/BaseFlattenEmissiveMap_VT.uasset" 357
"../../../Engine/Content/EngineMaterials/BaseFlattenEmissiveMap_VT.uexp" 358
"../../../Engine/Content/EngineMaterials/BaseFlattenGrayscaleMap_VT.uasset" 359
"../../../Engine/Content/EngineMaterials/BaseFlattenGrayscaleMap_VT.uexp" 360
"../../../Engine/Content/EngineMaterials/BaseFlattenLinearColor_VT.uasset" 361
"../../../Engine/Content/EngineMaterials/BaseFlattenLinearColor_VT.uexp" 362
"../../../Engine/Content/EngineMaterials/BaseFlattenNormalMap_VT.uasset" 363
"../../../Engine/Content/EngineMaterials/BaseFlattenNormalMap_VT.uexp" 364
"../../../Engine/Content/EngineMaterials/Black_1x1_EXR_Texture_VT.uasset" 365
"../../../Engine/Content/EngineMaterials/Black_1x1_EXR_Texture_VT.uexp" 366
"../../../Engine/Content/EngineMaterials/FlattenMaterial_VT.uasset" 367
"../../../Engine/Content/EngineMaterials/FlattenMaterial_VT.uexp" 368
"../../../Engine/Plugins/Animation/ControlRig/Content/Controls/ControlRig_HalfCircle_3mm.ubulk" 369
"../../../Engine/Plugins/Animation/ControlRig/Content/Controls/ControlRig_HalfCircle_3mm.uasset" 370
"../../../Engine/Plugins/Animation/ControlRig/Content/Controls/ControlRig_HalfCircle_3mm.uexp" 371
"../../../Engine/Content/EngineMaterials/FlattenMaterial_WS_Normal_VT.uasset" 372
"../../../Engine/Content/EngineMaterials/FlattenMaterial_WS_Normal_VT.uexp" 373
"../../../Engine/Plugins/Animation/ControlRig/Content/Controls/ControlRig_HalfCircle_solid.ubulk" 374
"../../../Engine/Plugins/Animation/ControlRig/Content/Controls/ControlRig_HalfCircle_solid.uasset" 375
"../../../Engine/Plugins/Animation/ControlRig/Content/Controls/ControlRig_HalfCircle_solid.uexp" 376
"../../../Engine/Plugins/Animation/ControlRig/Content/Controls/ControlRig_Hexagon_1mm.ubulk" 377
"../../../Engine/Plugins/Animation/ControlRig/Content/Controls/ControlRig_Hexagon_1mm.uasset" 378
"../../../Engine/Plugins/Animation/ControlRig/Content/Controls/ControlRig_Hexagon_1mm.uexp" 379
"../../../Engine/Content/EngineMaterials/GizmoMaterial.uasset" 380
"../../../Engine/Content/EngineMaterials/GizmoMaterial.uexp" 381
"../../../Engine/Plugins/Animation/ControlRig/Content/Controls/ControlRig_Hexagon_3mm.ubulk" 382
"../../../Engine/Plugins/Animation/ControlRig/Content/Controls/ControlRig_Hexagon_3mm.uasset" 383
"../../../Engine/Plugins/Animation/ControlRig/Content/Controls/ControlRig_Hexagon_3mm.uexp" 384
"../../../Engine/Plugins/Animation/ControlRig/Content/Controls/ControlRig_Hexagon_solid.ubulk" 385
"../../../Engine/Plugins/Animation/ControlRig/Content/Controls/ControlRig_Hexagon_solid.uasset" 386
"../../../Engine/Plugins/Animation/ControlRig/Content/Controls/ControlRig_Hexagon_solid.uexp" 387
"../../../Engine/Plugins/Animation/ControlRig/Content/Controls/ControlRig_Square_solid.ubulk" 388
"../../../Engine/Plugins/Animation/ControlRig/Content/Controls/ControlRig_Square_solid.uasset" 389
"../../../Engine/Plugins/Animation/ControlRig/Content/Controls/ControlRig_Square_solid.uexp" 390
"../../../Engine/Plugins/Animation/ControlRig/Content/Controls/ControlRig_Octagon_1mm.ubulk" 391
"../../../Engine/Plugins/Animation/ControlRig/Content/Controls/ControlRig_Octagon_1mm.uasset" 392
"../../../Engine/Plugins/Animation/ControlRig/Content/Controls/ControlRig_Octagon_1mm.uexp" 393
"../../../Engine/Plugins/Animation/ControlRig/Content/Controls/ControlRig_Octagon_3mm.ubulk" 394
"../../../Engine/Plugins/Animation/ControlRig/Content/Controls/ControlRig_Octagon_3mm.uasset" 395
"../../../Engine/Plugins/Animation/ControlRig/Content/Controls/ControlRig_Octagon_3mm.uexp" 396
"../../../Engine/Plugins/Animation/ControlRig/Content/Controls/ControlRig_Star4_1mm.ubulk" 397
"../../../Engine/Plugins/Animation/ControlRig/Content/Controls/ControlRig_Star4_1mm.uasset" 398
"../../../Engine/Plugins/Animation/ControlRig/Content/Controls/ControlRig_Star4_1mm.uexp" 399
"../../../Engine/Plugins/Animation/ControlRig/Content/Controls/ControlRig_Octagon_solid.ubulk" 400
"../../../Engine/Plugins/Animation/ControlRig/Content/Controls/ControlRig_Octagon_solid.uasset" 401
"../../../Engine/Plugins/Animation/ControlRig/Content/Controls/ControlRig_Octagon_solid.uexp" 402
"../../../Engine/Plugins/Animation/ControlRig/Content/Controls/ControlRig_Star4_3mm.ubulk" 403
"../../../Engine/Plugins/Animation/ControlRig/Content/Controls/ControlRig_Star4_3mm.uasset" 404
"../../../Engine/Plugins/Animation/ControlRig/Content/Controls/ControlRig_Star4_3mm.uexp" 405
"../../../Engine/Plugins/Animation/ControlRig/Content/Controls/ControlRig_Pyramid_1mm.ubulk" 406
"../../../Engine/Plugins/Animation/ControlRig/Content/Controls/ControlRig_Pyramid_1mm.uasset" 407
"../../../Engine/Plugins/Animation/ControlRig/Content/Controls/ControlRig_Pyramid_1mm.uexp" 408
"../../../Engine/Plugins/Animation/ControlRig/Content/Controls/ControlRig_Pyramid_3mm.ubulk" 409
"../../../Engine/Plugins/Animation/ControlRig/Content/Controls/ControlRig_Pyramid_3mm.uasset" 410
"../../../Engine/Plugins/Animation/ControlRig/Content/Controls/ControlRig_Pyramid_3mm.uexp" 411
"../../../Engine/Content/EngineMeshes/Sphere.ubulk" 412
"../../../Engine/Content/EngineMeshes/Sphere.uasset" 413
"../../../Engine/Content/EngineMeshes/Sphere.uexp" 414
"../../../Engine/Plugins/Animation/ControlRig/Content/Controls/ControlRig_Pyramid_solid.ubulk" 415
"../../../Engine/Plugins/Animation/ControlRig/Content/Controls/ControlRig_Pyramid_solid.uasset" 416
"../../../Engine/Plugins/Animation/ControlRig/Content/Controls/ControlRig_Pyramid_solid.uexp" 417
"../../../Engine/Plugins/Animation/ControlRig/Content/Controls/ControlRig_QuarterCircle_1mm.ubulk" 418
"../../../Engine/Plugins/Animation/ControlRig/Content/Controls/ControlRig_QuarterCircle_1mm.uasset" 419
"../../../Engine/Plugins/Animation/ControlRig/Content/Controls/ControlRig_QuarterCircle_1mm.uexp" 420
"../../../Engine/Plugins/Animation/ControlRig/Content/Controls/ControlRig_QuarterCircle_3mm.ubulk" 421
"../../../Engine/Plugins/Animation/ControlRig/Content/Controls/ControlRig_QuarterCircle_3mm.uasset" 422
"../../../Engine/Plugins/Animation/ControlRig/Content/Controls/ControlRig_QuarterCircle_3mm.uexp" 423
"../../../Engine/Plugins/Interchange/Assets/Content/Functions/MF_IridescenceNoLUT.uasset" 424
"../../../Engine/Plugins/Interchange/Assets/Content/Functions/MF_IridescenceNoLUT.uexp" 425
"../../../Engine/Plugins/Interchange/Assets/Content/Functions/MX_StandardSurface.uasset" 426
"../../../Engine/Plugins/Interchange/Assets/Content/Functions/MX_StandardSurface.uexp" 427
"../../../Engine/Plugins/Interchange/Assets/Content/Functions/MX_OpenPBR_Opaque.uasset" 428
"../../../Engine/Plugins/Interchange/Assets/Content/Functions/MX_OpenPBR_Opaque.uexp" 429
"../../../Engine/Plugins/Animation/ControlRig/Content/Controls/ControlRig_QuarterCircle_solid.ubulk" 430
"../../../Engine/Plugins/Animation/ControlRig/Content/Controls/ControlRig_QuarterCircle_solid.uasset" 431
"../../../Engine/Plugins/Animation/ControlRig/Content/Controls/ControlRig_QuarterCircle_solid.uexp" 432
"../../../Engine/Plugins/Interchange/Assets/Content/Functions/MX_TransmissionSurface.uasset" 433
"../../../Engine/Plugins/Interchange/Assets/Content/Functions/MX_TransmissionSurface.uexp" 434
"../../../Engine/Plugins/Interchange/Assets/Content/Functions/MX_OpenPBR_Translucent.uasset" 435
"../../../Engine/Plugins/Interchange/Assets/Content/Functions/MX_OpenPBR_Translucent.uexp" 436
"../../../Engine/Plugins/Animation/ControlRig/Content/Controls/ControlRig_RoundedSquare_1mm.ubulk" 437
"../../../Engine/Plugins/Animation/ControlRig/Content/Controls/ControlRig_RoundedSquare_1mm.uasset" 438
"../../../Engine/Plugins/Animation/ControlRig/Content/Controls/ControlRig_RoundedSquare_1mm.uexp" 439
"../../../Engine/Plugins/Animation/ControlRig/Content/Controls/ControlRig_RoundedSquare_3mm.ubulk" 440
"../../../Engine/Plugins/Animation/ControlRig/Content/Controls/ControlRig_RoundedSquare_3mm.uasset" 441
"../../../Engine/Plugins/Animation/ControlRig/Content/Controls/ControlRig_RoundedSquare_3mm.uexp" 442
"../../../Engine/Plugins/Animation/ControlRig/Content/Controls/ControlRig_RoundedSquare_solid.ubulk" 443
"../../../Engine/Plugins/Animation/ControlRig/Content/Controls/ControlRig_RoundedSquare_solid.uasset" 444
"../../../Engine/Plugins/Animation/ControlRig/Content/Controls/ControlRig_RoundedSquare_solid.uexp" 445
"../../../Engine/Plugins/Animation/ControlRig/Content/Controls/ControlRig_RoundedTriangle_1mm.ubulk" 446
"../../../Engine/Plugins/Animation/ControlRig/Content/Controls/ControlRig_RoundedTriangle_1mm.uasset" 447
"../../../Engine/Plugins/Animation/ControlRig/Content/Controls/ControlRig_RoundedTriangle_1mm.uexp" 448
"../../../Engine/Plugins/Interchange/Assets/Content/Functions/MX_OrenNayarBSDF.uasset" 449
"../../../Engine/Plugins/Interchange/Assets/Content/Functions/MX_OrenNayarBSDF.uexp" 450
"../../../Engine/Plugins/Animation/ControlRig/Content/Controls/ControlRig_RoundedTriangle_3mm.ubulk" 451
"../../../Engine/Plugins/Animation/ControlRig/Content/Controls/ControlRig_RoundedTriangle_3mm.uasset" 452
"../../../Engine/Plugins/Animation/ControlRig/Content/Controls/ControlRig_RoundedTriangle_3mm.uexp" 453
"../../../Engine/Plugins/Animation/ControlRig/Content/Controls/ControlRig_RoundedTriangle_solid.ubulk" 454
"../../../Engine/Plugins/Animation/ControlRig/Content/Controls/ControlRig_RoundedTriangle_solid.uasset" 455
"../../../Engine/Plugins/Animation/ControlRig/Content/Controls/ControlRig_RoundedTriangle_solid.uexp" 456
"../../../Engine/Content/EngineMaterials/MiniFont.uasset" 457
"../../../Engine/Content/EngineMaterials/MiniFont.uexp" 458
"../../../Engine/Content/EditorResources/S_Solver.ubulk" 459
"../../../Engine/Content/EditorResources/S_Solver.uasset" 460
"../../../Engine/Content/EditorResources/S_Solver.uexp" 461
"../../../Engine/Content/EngineMaterials/InvalidLightmapSettings.ubulk" 462
"../../../Engine/Content/EngineMaterials/InvalidLightmapSettings.uasset" 463
"../../../Engine/Content/EngineMaterials/InvalidLightmapSettings.uexp" 464
"../../../Engine/Content/EngineMaterials/M_InvalidLightmapSettings.uasset" 465
"../../../Engine/Content/EngineMaterials/M_InvalidLightmapSettings.uexp" 466
"../../../Engine/Plugins/Animation/ControlRig/Content/Controls/ControlRig_Sphere_1mm.ubulk" 467
"../../../Engine/Plugins/Animation/ControlRig/Content/Controls/ControlRig_Sphere_1mm.uasset" 468
"../../../Engine/Plugins/Animation/ControlRig/Content/Controls/ControlRig_Sphere_1mm.uexp" 469
"../../../Engine/Plugins/Animation/ControlRig/Content/Controls/ControlRig_Sphere_3mm.ubulk" 470
"../../../Engine/Plugins/Animation/ControlRig/Content/Controls/ControlRig_Sphere_3mm.uasset" 471
"../../../Engine/Plugins/Animation/ControlRig/Content/Controls/ControlRig_Sphere_3mm.uexp" 472
"../../../Engine/Content/EngineMaterials/NaniteHiddenSectionMaterial.uasset" 473
"../../../Engine/Content/EngineMaterials/NaniteHiddenSectionMaterial.uexp" 474
"../../../Engine/Plugins/Animation/ControlRig/Content/Controls/ControlRig_Sphere_solid.ubulk" 475
"../../../Engine/Plugins/Animation/ControlRig/Content/Controls/ControlRig_Sphere_solid.uasset" 476
"../../../Engine/Plugins/Animation/ControlRig/Content/Controls/ControlRig_Sphere_solid.uexp" 477
"../../../Engine/Content/EditorResources/S_Terrain.ubulk" 478
"../../../Engine/Content/EditorResources/S_Terrain.uasset" 479
"../../../Engine/Content/EditorResources/S_Terrain.uexp" 480
"../../../Engine/Plugins/Animation/ControlRig/Content/Controls/ControlRig_Square_1mm.ubulk" 481
"../../../Engine/Plugins/Animation/ControlRig/Content/Controls/ControlRig_Square_1mm.uasset" 482
"../../../Engine/Plugins/Animation/ControlRig/Content/Controls/ControlRig_Square_1mm.uexp" 483
"../../../Engine/Plugins/Animation/ControlRig/Content/Controls/ControlRig_Square_3mm.ubulk" 484
"../../../Engine/Plugins/Animation/ControlRig/Content/Controls/ControlRig_Square_3mm.uasset" 485
"../../../Engine/Plugins/Animation/ControlRig/Content/Controls/ControlRig_Square_3mm.uexp" 486
"../../../Engine/Content/EngineResources/Black.uasset" 487
"../../../Engine/Content/EngineResources/Black.uexp" 488
"../../../Engine/Plugins/Interchange/Assets/Content/Functions/MX_SheenBSDF.uasset" 489
"../../../Engine/Plugins/Interchange/Assets/Content/Functions/MX_SheenBSDF.uexp" 490
"../../../Engine/Content/EditorResources/S_Trigger.ubulk" 491
"../../../Engine/Content/EditorResources/S_Trigger.uasset" 492
"../../../Engine/Content/EditorResources/S_Trigger.uexp" 493
"../../../Engine/Content/EditorResources/S_TriggerBox.uasset" 494
"../../../Engine/Content/EditorResources/S_TriggerBox.uexp" 495
"../../../Engine/Content/EngineMaterials/PhAT_JointLimitMaterial.uasset" 496
"../../../Engine/Content/EngineMaterials/PhAT_JointLimitMaterial.uexp" 497
"../../../Engine/Content/Functions/Engine_MaterialFunctions02/Utility/VectorLength.uasset" 498
"../../../Engine/Content/Functions/Engine_MaterialFunctions02/Utility/VectorLength.uexp" 499
"../../../Engine/Plugins/Experimental/MeshModelingToolsetExp/Content/Materials/GetDisplacementVectorForDepthBias.uasset" 500
"../../../Engine/Plugins/Experimental/MeshModelingToolsetExp/Content/Materials/GetDisplacementVectorForDepthBias.uexp" 501
"../../../Engine/Content/Functions/Engine_MaterialFunctions03/Viewport/MF_OrthoWidth.uasset" 502
"../../../Engine/Content/Functions/Engine_MaterialFunctions03/Viewport/MF_OrthoWidth.uexp" 503
"../../../Engine/Content/Functions/Engine_MaterialFunctions02/Utility/FOV.uasset" 504
"../../../Engine/Content/Functions/Engine_MaterialFunctions02/Utility/FOV.uexp" 505
"../../../Engine/Content/Functions/Engine_MaterialFunctions02/WorldPositionOffset/V2/ObjectScale.uasset" 506
"../../../Engine/Content/Functions/Engine_MaterialFunctions02/WorldPositionOffset/V2/ObjectScale.uexp" 507
"../../../Engine/Plugins/Experimental/MeshModelingToolsetExp/Content/Materials/PointSetOverlaidComponentMaterial.uasset" 508
"../../../Engine/Plugins/Experimental/MeshModelingToolsetExp/Content/Materials/PointSetOverlaidComponentMaterial.uexp" 509
"../../../Engine/Content/EditorResources/S_TriggerCapsule.uasset" 510
"../../../Engine/Content/EditorResources/S_TriggerCapsule.uexp" 511
"../../../Engine/Content/EngineResources/DefaultTextureCube.uasset" 512
"../../../Engine/Content/EngineResources/DefaultTextureCube.uexp" 513
"../../../Engine/Content/EditorResources/S_TriggerSphere.uasset" 514
"../../../Engine/Content/EditorResources/S_TriggerSphere.uexp" 515
"../../../Engine/Content/EngineMaterials/DefaultCalibrationColor.uasset" 516
"../../../Engine/Content/EngineMaterials/DefaultCalibrationColor.uexp" 517
"../../../Engine/Content/EngineMaterials/PPM_DefaultCalibrationColor.uasset" 518
"../../../Engine/Content/EngineMaterials/PPM_DefaultCalibrationColor.uexp" 519
"../../../Engine/Plugins/Interchange/Assets/Content/Functions/MX_SubsurfaceBSDF.uasset" 520
"../../../Engine/Plugins/Interchange/Assets/Content/Functions/MX_SubsurfaceBSDF.uexp" 521
"../../../Engine/Content/EngineMaterials/DefaultCalibrationGrayscale.uasset" 522
"../../../Engine/Content/EngineMaterials/DefaultCalibrationGrayscale.uexp" 523
"../../../Engine/Content/EngineMaterials/PPM_DefaultCalibrationGrayscale.uasset" 524
"../../../Engine/Content/EngineMaterials/PPM_DefaultCalibrationGrayscale.uexp" 525
"../../../Engine/Plugins/Interchange/Assets/Content/Substrate/MX_SimpleVolume.uasset" 526
"../../../Engine/Plugins/Interchange/Assets/Content/Substrate/MX_SimpleVolume.uexp" 527
"../../../Engine/Plugins/Interchange/Assets/Content/Functions/MX_Surface.uasset" 528
"../../../Engine/Plugins/Interchange/Assets/Content/Functions/MX_Surface.uexp" 529
"../../../Engine/Plugins/Interchange/Assets/Content/Functions/MX_SurfaceUnlit.uasset" 530
"../../../Engine/Plugins/Interchange/Assets/Content/Functions/MX_SurfaceUnlit.uexp" 531
"../../../Engine/Plugins/Interchange/Assets/Content/Functions/MX_AbsorptionVDF.uasset" 532
"../../../Engine/Plugins/Interchange/Assets/Content/Functions/MX_AbsorptionVDF.uexp" 533
"../../../Engine/Content/EngineMaterials/PreintegratedSkinBRDF.uasset" 534
"../../../Engine/Content/EngineMaterials/PreintegratedSkinBRDF.uexp" 535
"../../../Engine/Plugins/Animation/ControlRig/Content/Controls/ControlRig_Star4_solid.ubulk" 536
"../../../Engine/Plugins/Animation/ControlRig/Content/Controls/ControlRig_Star4_solid.uasset" 537
"../../../Engine/Plugins/Animation/ControlRig/Content/Controls/ControlRig_Star4_solid.uexp" 538
"../../../Engine/Plugins/Animation/ControlRig/Content/Controls/ControlRig_Triangle_1mm.ubulk" 539
"../../../Engine/Plugins/Animation/ControlRig/Content/Controls/ControlRig_Triangle_1mm.uasset" 540
"../../../Engine/Plugins/Animation/ControlRig/Content/Controls/ControlRig_Triangle_1mm.uexp" 541
"../../../Engine/Plugins/Interchange/Assets/Content/Functions/MX_AnisotropicVDF.uasset" 542
"../../../Engine/Plugins/Interchange/Assets/Content/Functions/MX_AnisotropicVDF.uexp" 543
"../../../Engine/Plugins/Interchange/Assets/Content/Functions/MX_TranslucentBSDF.uasset" 544
"../../../Engine/Plugins/Interchange/Assets/Content/Functions/MX_TranslucentBSDF.uexp" 545
"../../../Engine/Plugins/Animation/ControlRig/Content/Controls/ControlRig_Triangle_3mm.ubulk" 546
"../../../Engine/Plugins/Animation/ControlRig/Content/Controls/ControlRig_Triangle_3mm.uasset" 547
"../../../Engine/Plugins/Animation/ControlRig/Content/Controls/ControlRig_Triangle_3mm.uexp" 548
"../../../Engine/Content/EngineResources/GradientTexture0.uasset" 549
"../../../Engine/Content/EngineResources/GradientTexture0.uexp" 550
"../../../Engine/Plugins/Interchange/Assets/Content/Functions/MX_BurleyDiffuseBSDF.uasset" 551
"../../../Engine/Plugins/Interchange/Assets/Content/Functions/MX_BurleyDiffuseBSDF.uexp" 552
"../../../Engine/Plugins/Animation/ControlRig/Content/Controls/ControlRig_Triangle_solid.ubulk" 553
"../../../Engine/Plugins/Animation/ControlRig/Content/Controls/ControlRig_Triangle_solid.uasset" 554
"../../../Engine/Plugins/Animation/ControlRig/Content/Controls/ControlRig_Triangle_solid.uexp" 555
"../../../Engine/Plugins/Animation/ControlRig/Content/Controls/ControlRig_Wedge_1mm.ubulk" 556
"../../../Engine/Plugins/Animation/ControlRig/Content/Controls/ControlRig_Wedge_1mm.uasset" 557
"../../../Engine/Plugins/Animation/ControlRig/Content/Controls/ControlRig_Wedge_1mm.uexp" 558
"../../../Engine/Plugins/Interchange/Assets/Content/Functions/MX_ChiangHairBSDF.uasset" 559
"../../../Engine/Plugins/Interchange/Assets/Content/Functions/MX_ChiangHairBSDF.uexp" 560
"../../../Engine/Plugins/Interchange/Assets/Content/Functions/MX_UniformEDF.uasset" 561
"../../../Engine/Plugins/Interchange/Assets/Content/Functions/MX_UniformEDF.uexp" 562
"../../../Engine/Plugins/Animation/ControlRig/Content/Controls/ControlRig_Wedge_3mm.ubulk" 563
"../../../Engine/Plugins/Animation/ControlRig/Content/Controls/ControlRig_Wedge_3mm.uasset" 564
"../../../Engine/Plugins/Animation/ControlRig/Content/Controls/ControlRig_Wedge_3mm.uexp" 565
"../../../Engine/Plugins/Interchange/Assets/Content/Functions/MX_ConductorBSDF.uasset" 566
"../../../Engine/Plugins/Interchange/Assets/Content/Functions/MX_ConductorBSDF.uexp" 567
"../../../Engine/Plugins/Interchange/Assets/Content/Functions/MX_UsdPreviewSurface.uasset" 568
"../../../Engine/Plugins/Interchange/Assets/Content/Functions/MX_UsdPreviewSurface.uexp" 569
"../../../Engine/Plugins/Interchange/Assets/Content/Functions/MX_ConicalEDF.uasset" 570
"../../../Engine/Plugins/Interchange/Assets/Content/Functions/MX_ConicalEDF.uexp" 571
"../../../Engine/Plugins/Animation/ControlRig/Content/Controls/ControlRig_Wedge_solid.ubulk" 572
"../../../Engine/Plugins/Animation/ControlRig/Content/Controls/ControlRig_Wedge_solid.uasset" 573
"../../../Engine/Plugins/Animation/ControlRig/Content/Controls/ControlRig_Wedge_solid.uexp" 574
"../../../Engine/Content/EngineMaterials/RemoveSurfaceMaterial.uasset" 575
"../../../Engine/Content/EngineMaterials/RemoveSurfaceMaterial.uexp" 576
"../../../Engine/Plugins/Interchange/Assets/Content/Functions/MX_DielectricBSDF.uasset" 577
"../../../Engine/Plugins/Interchange/Assets/Content/Functions/MX_DielectricBSDF.uexp" 578
"../../../Engine/Plugins/Interchange/Assets/Content/Functions/MX_Displacement.uasset" 579
"../../../Engine/Plugins/Interchange/Assets/Content/Functions/MX_Displacement.uexp" 580
"../../../Engine/Plugins/Interchange/Assets/Content/Functions/MX_GeneralizedSchlickBSDF.uasset" 581
"../../../Engine/Plugins/Interchange/Assets/Content/Functions/MX_GeneralizedSchlickBSDF.uexp" 582
"../../../Engine/Content/EngineResources/LandscapeVisibilityLayerInfo.uasset" 583
"../../../Engine/Content/EngineResources/LandscapeVisibilityLayerInfo.uexp" 584
"../../../Engine/Content/EditorMaterials/ParticleSystems/PSysThumbnail_NoImage.ubulk" 585
"../../../Engine/Content/EditorMaterials/ParticleSystems/PSysThumbnail_NoImage.uasset" 586
"../../../Engine/Content/EditorMaterials/ParticleSystems/PSysThumbnail_NoImage.uexp" 587
"../../../Engine/Content/EditorMaterials/ParticleSystems/PSysThumbnail_OOD.ubulk" 588
"../../../Engine/Content/EditorMaterials/ParticleSystems/PSysThumbnail_OOD.uasset" 589
"../../../Engine/Content/EditorMaterials/ParticleSystems/PSysThumbnail_OOD.uexp" 590
"../../../Engine/Plugins/Interchange/Assets/Content/Functions/MX_MeasuredEDF.uasset" 591
"../../../Engine/Plugins/Interchange/Assets/Content/Functions/MX_MeasuredEDF.uexp" 592
"../../../Engine/Content/EngineDamageTypes/DmgTypeBP_Environmental.uasset" 593
"../../../Engine/Content/EngineDamageTypes/DmgTypeBP_Environmental.uexp" 594
"C:/Users/Utkarsh Anand/Documents/Unreal Projects/SplitSecond/Content/Camera_Shake/BP_CameHitShake.uasset" 595
"C:/Users/Utkarsh Anand/Documents/Unreal Projects/SplitSecond/Content/Camera_Shake/BP_CameHitShake.uexp" 596
"../../../Engine/Content/Functions/Engine_MaterialFunctions02/Texturing/CustomRotator.uasset" 597
"../../../Engine/Content/Functions/Engine_MaterialFunctions02/Texturing/CustomRotator.uexp" 598
"C:/Users/Utkarsh Anand/Documents/Unreal Projects/SplitSecond/Content/Cell_Phone/Alert_Notification.ubulk" 599
"C:/Users/Utkarsh Anand/Documents/Unreal Projects/SplitSecond/Content/Cell_Phone/Alert_Notification.uasset" 600
"C:/Users/Utkarsh Anand/Documents/Unreal Projects/SplitSecond/Content/Cell_Phone/Alert_Notification.uexp" 601
"C:/Users/Utkarsh Anand/Documents/Unreal Projects/SplitSecond/Content/Cell_Phone/Insta_overlay.ubulk" 602
"C:/Users/Utkarsh Anand/Documents/Unreal Projects/SplitSecond/Content/Cell_Phone/Insta_overlay.uasset" 603
"C:/Users/Utkarsh Anand/Documents/Unreal Projects/SplitSecond/Content/Cell_Phone/Insta_overlay.uexp" 604
"C:/Users/Utkarsh Anand/Documents/Unreal Projects/SplitSecond/Content/Cell_Phone/Phone_Camera.uasset" 605
"C:/Users/Utkarsh Anand/Documents/Unreal Projects/SplitSecond/Content/Cell_Phone/Phone_Camera.uexp" 606
"C:/Users/Utkarsh Anand/Documents/Unreal Projects/SplitSecond/Content/Cell_Phone/Mat_Phone_Screen.uasset" 607
"C:/Users/Utkarsh Anand/Documents/Unreal Projects/SplitSecond/Content/Cell_Phone/Mat_Phone_Screen.uexp" 608
"../../../Engine/Content/EngineResources/DefaultTexture.ubulk" 609
"../../../Engine/Content/EngineResources/DefaultTexture.uasset" 610
"../../../Engine/Content/EngineResources/DefaultTexture.uexp" 611
"../../../Engine/Content/EngineMaterials/DefaultNormal.ubulk" 612
"../../../Engine/Content/EngineMaterials/DefaultNormal.uasset" 613
"../../../Engine/Content/EngineMaterials/DefaultNormal.uexp" 614
"../../../Engine/Content/Functions/Engine_MaterialFunctions03/Procedurals/NormalFromHeightmap.uasset" 615
"../../../Engine/Content/Functions/Engine_MaterialFunctions03/Procedurals/NormalFromHeightmap.uexp" 616
"../../../Engine/Plugins/Interchange/Assets/Content/Functions/MF_PhongToMetalRoughness.uasset" 617
"../../../Engine/Plugins/Interchange/Assets/Content/Functions/MF_PhongToMetalRoughness.uexp" 618
"../../../Engine/Plugins/Interchange/Assets/Content/Materials/FBXLegacyPhongSurfaceMaterial.uasset" 619
"../../../Engine/Plugins/Interchange/Assets/Content/Materials/FBXLegacyPhongSurfaceMaterial.uexp" 620
"C:/Users/Utkarsh Anand/Documents/Unreal Projects/SplitSecond/Content/Cell_Phone/Phone_Body.uasset" 621
"C:/Users/Utkarsh Anand/Documents/Unreal Projects/SplitSecond/Content/Cell_Phone/Phone_Body.uexp" 622
"C:/Users/Utkarsh Anand/Documents/Unreal Projects/SplitSecond/Content/Cell_Phone/Phone.ubulk" 623
"C:/Users/Utkarsh Anand/Documents/Unreal Projects/SplitSecond/Content/Cell_Phone/Phone.uasset" 624
"C:/Users/Utkarsh Anand/Documents/Unreal Projects/SplitSecond/Content/Cell_Phone/Phone.uexp" 625
"C:/Users/Utkarsh Anand/Documents/Unreal Projects/SplitSecond/Content/Music/SC_EffectBGM.uasset" 626
"C:/Users/Utkarsh Anand/Documents/Unreal Projects/SplitSecond/Content/Music/SC_EffectBGM.uexp" 627
"C:/Users/Utkarsh Anand/Documents/Unreal Projects/SplitSecond/Content/Music/SCM_EffectBGM.uasset" 628
"C:/Users/Utkarsh Anand/Documents/Unreal Projects/SplitSecond/Content/Music/SCM_EffectBGM.uexp" 629
"C:/Users/Utkarsh Anand/Documents/Unreal Projects/SplitSecond/Content/Music/SC_MainBGM.uasset" 630
"C:/Users/Utkarsh Anand/Documents/Unreal Projects/SplitSecond/Content/Music/SC_MainBGM.uexp" 631
"C:/Users/Utkarsh Anand/Documents/Unreal Projects/SplitSecond/Content/Music/SCM_Master.uasset" 632
"C:/Users/Utkarsh Anand/Documents/Unreal Projects/SplitSecond/Content/Music/SCM_Master.uexp" 633
"C:/Users/Utkarsh Anand/Documents/Unreal Projects/SplitSecond/Content/Music/BG_Music_With_Effect.ubulk" 634
"C:/Users/Utkarsh Anand/Documents/Unreal Projects/SplitSecond/Content/Music/BG_Music_With_Effect.uasset" 635
"C:/Users/Utkarsh Anand/Documents/Unreal Projects/SplitSecond/Content/Music/BG_Music_With_Effect.uexp" 636
"C:/Users/Utkarsh Anand/Documents/Unreal Projects/SplitSecond/Content/Music/SoundCue_EffectBGM.uasset" 637
"C:/Users/Utkarsh Anand/Documents/Unreal Projects/SplitSecond/Content/Music/SoundCue_EffectBGM.uexp" 638
"C:/Users/Utkarsh Anand/Documents/Unreal Projects/SplitSecond/Content/Music/Bg_Music.ubulk" 639
"C:/Users/Utkarsh Anand/Documents/Unreal Projects/SplitSecond/Content/Music/Bg_Music.uasset" 640
"C:/Users/Utkarsh Anand/Documents/Unreal Projects/SplitSecond/Content/Music/Bg_Music.uexp" 641
"C:/Users/Utkarsh Anand/Documents/Unreal Projects/SplitSecond/Content/Music/SoundCue_MainBGM.uasset" 642
"C:/Users/Utkarsh Anand/Documents/Unreal Projects/SplitSecond/Content/Music/SoundCue_MainBGM.uexp" 643
"C:/Users/Utkarsh Anand/Documents/Unreal Projects/SplitSecond/Content/Music/Swoosh_Reverse.ubulk" 644
"C:/Users/Utkarsh Anand/Documents/Unreal Projects/SplitSecond/Content/Music/Swoosh_Reverse.uasset" 645
"C:/Users/Utkarsh Anand/Documents/Unreal Projects/SplitSecond/Content/Music/Swoosh_Reverse.uexp" 646
"C:/Users/Utkarsh Anand/Documents/Unreal Projects/SplitSecond/Content/Museum/Blueprints/BP_CameraShake01.uasset" 647
"C:/Users/Utkarsh Anand/Documents/Unreal Projects/SplitSecond/Content/Museum/Blueprints/BP_CameraShake01.uexp" 648
"../../../Engine/Content/EngineMaterials/Good64x64TilingNoiseHighFreq.uasset" 649
"../../../Engine/Content/EngineMaterials/Good64x64TilingNoiseHighFreq.uexp" 650
"../../../Engine/Content/Functions/Engine_MaterialFunctions02/Texturing/ScreenAlignedPixelToPixelUVs.uasset" 651
"../../../Engine/Content/Functions/Engine_MaterialFunctions02/Texturing/ScreenAlignedPixelToPixelUVs.uexp" 652
"../../../Engine/Content/Functions/Engine_MaterialFunctions02/Utility/DitherTemporalAA.uasset" 653
"../../../Engine/Content/Functions/Engine_MaterialFunctions02/Utility/DitherTemporalAA.uexp" 654
"../../../Engine/Content/Functions/Engine_MaterialFunctions01/Texturing/FlattenNormal.uasset" 655
"../../../Engine/Content/Functions/Engine_MaterialFunctions01/Texturing/FlattenNormal.uexp" 656
"C:/Users/Utkarsh Anand/Documents/Unreal Projects/SplitSecond/Content/Museum/Textures/T_StageFloor01_N.ubulk" 657
"C:/Users/Utkarsh Anand/Documents/Unreal Projects/SplitSecond/Content/Museum/Textures/T_StageFloor01_N.uasset" 658
"C:/Users/Utkarsh Anand/Documents/Unreal Projects/SplitSecond/Content/Museum/Textures/T_StageFloor01_N.uexp" 659
"C:/Users/Utkarsh Anand/Documents/Unreal Projects/SplitSecond/Content/Museum/Materials/M_Glass01.uasset" 660
"C:/Users/Utkarsh Anand/Documents/Unreal Projects/SplitSecond/Content/Museum/Materials/M_Glass01.uexp" 661
"C:/Users/Utkarsh Anand/Documents/Unreal Projects/SplitSecond/Content/Museum/Textures/T_StageFloor01_BC.ubulk" 662
"C:/Users/Utkarsh Anand/Documents/Unreal Projects/SplitSecond/Content/Museum/Textures/T_StageFloor01_BC.uasset" 663
"C:/Users/Utkarsh Anand/Documents/Unreal Projects/SplitSecond/Content/Museum/Textures/T_StageFloor01_BC.uexp" 664
"C:/Users/Utkarsh Anand/Documents/Unreal Projects/SplitSecond/Content/Museum/Textures/T_StageFloor01_ORM.ubulk" 665
"C:/Users/Utkarsh Anand/Documents/Unreal Projects/SplitSecond/Content/Museum/Textures/T_StageFloor01_ORM.uasset" 666
"C:/Users/Utkarsh Anand/Documents/Unreal Projects/SplitSecond/Content/Museum/Textures/T_StageFloor01_ORM.uexp" 667
"C:/Users/Utkarsh Anand/Documents/Unreal Projects/SplitSecond/Content/Museum/Materials/M_PBRMaster.uasset" 668
"C:/Users/Utkarsh Anand/Documents/Unreal Projects/SplitSecond/Content/Museum/Materials/M_PBRMaster.uexp" 669
"C:/Users/Utkarsh Anand/Documents/Unreal Projects/SplitSecond/Content/Museum/Textures/T_SpotlightsExit_BC.ubulk" 670
"C:/Users/Utkarsh Anand/Documents/Unreal Projects/SplitSecond/Content/Museum/Textures/T_SpotlightsExit_BC.uasset" 671
"C:/Users/Utkarsh Anand/Documents/Unreal Projects/SplitSecond/Content/Museum/Textures/T_SpotlightsExit_BC.uexp" 672
"C:/Users/Utkarsh Anand/Documents/Unreal Projects/SplitSecond/Content/Museum/Textures/T_SpotlightsExit_E.ubulk" 673
"C:/Users/Utkarsh Anand/Documents/Unreal Projects/SplitSecond/Content/Museum/Textures/T_SpotlightsExit_E.uasset" 674
"C:/Users/Utkarsh Anand/Documents/Unreal Projects/SplitSecond/Content/Museum/Textures/T_SpotlightsExit_E.uexp" 675
"C:/Users/Utkarsh Anand/Documents/Unreal Projects/SplitSecond/Content/Museum/Textures/T_SpotlightsExit_N.ubulk" 676
"C:/Users/Utkarsh Anand/Documents/Unreal Projects/SplitSecond/Content/Museum/Textures/T_SpotlightsExit_N.uasset" 677
"C:/Users/Utkarsh Anand/Documents/Unreal Projects/SplitSecond/Content/Museum/Textures/T_SpotlightsExit_N.uexp" 678
"C:/Users/Utkarsh Anand/Documents/Unreal Projects/SplitSecond/Content/Museum/Textures/T_SpotlightsExit_ORM.ubulk" 679
"C:/Users/Utkarsh Anand/Documents/Unreal Projects/SplitSecond/Content/Museum/Textures/T_SpotlightsExit_ORM.uasset" 680
"C:/Users/Utkarsh Anand/Documents/Unreal Projects/SplitSecond/Content/Museum/Textures/T_SpotlightsExit_ORM.uexp" 681
"C:/Users/Utkarsh Anand/Documents/Unreal Projects/SplitSecond/Content/Museum/Materials/MI_ProjectorLamps.uasset" 682
"C:/Users/Utkarsh Anand/Documents/Unreal Projects/SplitSecond/Content/Museum/Materials/MI_ProjectorLamps.uexp" 683
"C:/Users/Utkarsh Anand/Documents/Unreal Projects/SplitSecond/Content/Museum/Meshes/SM_SpotlightBig.ubulk" 684
"C:/Users/Utkarsh Anand/Documents/Unreal Projects/SplitSecond/Content/Museum/Meshes/SM_SpotlightBig.uasset" 685
"C:/Users/Utkarsh Anand/Documents/Unreal Projects/SplitSecond/Content/Museum/Meshes/SM_SpotlightBig.uexp" 686
"../../../Engine/Content/BasicShapes/Cube.ubulk" 687
"../../../Engine/Content/BasicShapes/Cube.uasset" 688
"../../../Engine/Content/BasicShapes/Cube.uexp" 689
"C:/Users/Utkarsh Anand/Documents/Unreal Projects/SplitSecond/Content/Lift/metal-handle.uasset" 690
"C:/Users/Utkarsh Anand/Documents/Unreal Projects/SplitSecond/Content/Lift/metal-handle.uexp" 691
"C:/Users/Utkarsh Anand/Documents/Unreal Projects/SplitSecond/Content/Lift/Circle.ubulk" 692
"C:/Users/Utkarsh Anand/Documents/Unreal Projects/SplitSecond/Content/Lift/Circle.uasset" 693
"C:/Users/Utkarsh Anand/Documents/Unreal Projects/SplitSecond/Content/Lift/Circle.uexp" 694
"C:/Users/Utkarsh Anand/Documents/Unreal Projects/SplitSecond/Content/Lift/elevator.ubulk" 695
"C:/Users/Utkarsh Anand/Documents/Unreal Projects/SplitSecond/Content/Lift/elevator.uasset" 696
"C:/Users/Utkarsh Anand/Documents/Unreal Projects/SplitSecond/Content/Lift/elevator.uexp" 697
"C:/Users/Utkarsh Anand/Documents/Unreal Projects/SplitSecond/Content/Lift/display.uasset" 698
"C:/Users/Utkarsh Anand/Documents/Unreal Projects/SplitSecond/Content/Lift/display.uexp" 699
"C:/Users/Utkarsh Anand/Documents/Unreal Projects/SplitSecond/Content/Lift/metal-buttons.uasset" 700
"C:/Users/Utkarsh Anand/Documents/Unreal Projects/SplitSecond/Content/Lift/metal-buttons.uexp" 701
"C:/Users/Utkarsh Anand/Documents/Unreal Projects/SplitSecond/Content/Lift/Cube_001_Cube_005.ubulk" 702
"C:/Users/Utkarsh Anand/Documents/Unreal Projects/SplitSecond/Content/Lift/Cube_001_Cube_005.uasset" 703
"C:/Users/Utkarsh Anand/Documents/Unreal Projects/SplitSecond/Content/Lift/Cube_001_Cube_005.uexp" 704
"C:/Users/Utkarsh Anand/Documents/Unreal Projects/SplitSecond/Content/Lift/Metal_Mat.uasset" 705
"C:/Users/Utkarsh Anand/Documents/Unreal Projects/SplitSecond/Content/Lift/Metal_Mat.uexp" 706
"C:/Users/Utkarsh Anand/Documents/Unreal Projects/SplitSecond/Content/Lift/Cube_003_Cube_008.ubulk" 707
"C:/Users/Utkarsh Anand/Documents/Unreal Projects/SplitSecond/Content/Lift/Cube_003_Cube_008.uasset" 708
"C:/Users/Utkarsh Anand/Documents/Unreal Projects/SplitSecond/Content/Lift/Cube_003_Cube_008.uexp" 709
"C:/Users/Utkarsh Anand/Documents/Unreal Projects/SplitSecond/Content/Lift/Cube_Cube_004.ubulk" 710
"C:/Users/Utkarsh Anand/Documents/Unreal Projects/SplitSecond/Content/Lift/Cube_Cube_004.uasset" 711
"C:/Users/Utkarsh Anand/Documents/Unreal Projects/SplitSecond/Content/Lift/Cube_Cube_004.uexp" 712
"C:/Users/Utkarsh Anand/Documents/Unreal Projects/SplitSecond/Content/Lift/Floor_Mat.uasset" 713
"C:/Users/Utkarsh Anand/Documents/Unreal Projects/SplitSecond/Content/Lift/Floor_Mat.uexp" 714
"C:/Users/Utkarsh Anand/Documents/Unreal Projects/SplitSecond/Content/Lift/metal_elevator_jpg.uasset" 715
"C:/Users/Utkarsh Anand/Documents/Unreal Projects/SplitSecond/Content/Lift/metal_elevator_jpg.uexp" 716
"C:/Users/Utkarsh Anand/Documents/Unreal Projects/SplitSecond/Content/Lift/metallic-frame_Cube_002.ubulk" 717
"C:/Users/Utkarsh Anand/Documents/Unreal Projects/SplitSecond/Content/Lift/metallic-frame_Cube_002.uasset" 718
"C:/Users/Utkarsh Anand/Documents/Unreal Projects/SplitSecond/Content/Lift/metallic-frame_Cube_002.uexp" 719
"C:/Users/Utkarsh Anand/Documents/Unreal Projects/SplitSecond/Content/Lift/panel_Plane_001.ubulk" 720
"C:/Users/Utkarsh Anand/Documents/Unreal Projects/SplitSecond/Content/Lift/panel_Plane_001.uasset" 721
"C:/Users/Utkarsh Anand/Documents/Unreal Projects/SplitSecond/Content/Lift/panel_Plane_001.uexp" 722
"C:/Users/Utkarsh Anand/Documents/Unreal Projects/SplitSecond/Content/Lift/guide.uasset" 723
"C:/Users/Utkarsh Anand/Documents/Unreal Projects/SplitSecond/Content/Lift/guide.uexp" 724
"C:/Users/Utkarsh Anand/Documents/Unreal Projects/SplitSecond/Content/Lift/Plane.ubulk" 725
"C:/Users/Utkarsh Anand/Documents/Unreal Projects/SplitSecond/Content/Lift/Plane.uasset" 726
"C:/Users/Utkarsh Anand/Documents/Unreal Projects/SplitSecond/Content/Lift/Plane.uexp" 727
"C:/Users/Utkarsh Anand/Documents/Unreal Projects/SplitSecond/Content/Lift/right-door_Cube_001.ubulk" 728
"C:/Users/Utkarsh Anand/Documents/Unreal Projects/SplitSecond/Content/Lift/right-door_Cube_001.uasset" 729
"C:/Users/Utkarsh Anand/Documents/Unreal Projects/SplitSecond/Content/Lift/right-door_Cube_001.uexp" 730
"C:/Users/Utkarsh Anand/Documents/Unreal Projects/SplitSecond/Content/Lift/dark-floor.uasset" 731
"C:/Users/Utkarsh Anand/Documents/Unreal Projects/SplitSecond/Content/Lift/dark-floor.uexp" 732
"C:/Users/Utkarsh Anand/Documents/Unreal Projects/SplitSecond/Content/Lift/tape_Cube_007.ubulk" 733
"C:/Users/Utkarsh Anand/Documents/Unreal Projects/SplitSecond/Content/Lift/tape_Cube_007.uasset" 734
"C:/Users/Utkarsh Anand/Documents/Unreal Projects/SplitSecond/Content/Lift/tape_Cube_007.uexp" 735
"C:/Users/Utkarsh Anand/Documents/Unreal Projects/SplitSecond/Content/Widget/WID_MessageScreen.uasset" 736
"C:/Users/Utkarsh Anand/Documents/Unreal Projects/SplitSecond/Content/Widget/WID_MessageScreen.uexp" 737
"C:/Users/Utkarsh Anand/Documents/Unreal Projects/SplitSecond/Content/Lift/BPLift.uasset" 738
"C:/Users/Utkarsh Anand/Documents/Unreal Projects/SplitSecond/Content/Lift/BPLift.uexp" 739
"C:/Users/Utkarsh Anand/Documents/Unreal Projects/SplitSecond/Content/Widget/Left_Click.uasset" 740
"C:/Users/Utkarsh Anand/Documents/Unreal Projects/SplitSecond/Content/Widget/Left_Click.uexp" 741
"C:/Users/Utkarsh Anand/Documents/Unreal Projects/SplitSecond/Content/Widget/WID_Options_1.uasset" 742
"C:/Users/Utkarsh Anand/Documents/Unreal Projects/SplitSecond/Content/Widget/WID_Options_1.uexp" 743
"C:/Users/Utkarsh Anand/Documents/Unreal Projects/SplitSecond/Content/Widget/WID_Options_2.uasset" 744
"C:/Users/Utkarsh Anand/Documents/Unreal Projects/SplitSecond/Content/Widget/WID_Options_2.uexp" 745
"C:/Users/Utkarsh Anand/Documents/Unreal Projects/SplitSecond/Content/Widget/Warning_Sign.uasset" 746
"C:/Users/Utkarsh Anand/Documents/Unreal Projects/SplitSecond/Content/Widget/Warning_Sign.uexp" 747
"C:/Users/Utkarsh Anand/Documents/Unreal Projects/SplitSecond/Content/Widget/WID_Options_3.uasset" 748
"C:/Users/Utkarsh Anand/Documents/Unreal Projects/SplitSecond/Content/Widget/WID_Options_3.uexp" 749
"C:/Users/Utkarsh Anand/Documents/Unreal Projects/SplitSecond/Content/Character/BP_MainCharacter.uasset" 750
"C:/Users/Utkarsh Anand/Documents/Unreal Projects/SplitSecond/Content/Character/BP_MainCharacter.uexp" 751
"C:/Users/Utkarsh Anand/Documents/Unreal Projects/SplitSecond/Content/Character/BP_GameModeBASE.uasset" 752
"C:/Users/Utkarsh Anand/Documents/Unreal Projects/SplitSecond/Content/Character/BP_GameModeBASE.uexp" 753
"../../../Engine/Content/EditorMaterials/Dataflow/DataflowTwoSidedVertexMaterial.uasset" 754
"../../../Engine/Content/EditorMaterials/Dataflow/DataflowTwoSidedVertexMaterial.uexp" 755
"../../../Engine/Content/EditorMaterials/Dataflow/DataflowVertexMaterial.uasset" 756
"../../../Engine/Content/EditorMaterials/Dataflow/DataflowVertexMaterial.uexp" 757
"../../../Engine/Content/EditorMaterials/Camera/CineMat.uasset" 758
"../../../Engine/Content/EditorMaterials/Camera/CineMat.uexp" 759
"../../../Engine/Content/EditorMaterials/Camera/MI_CineMat_Rig.uasset" 760
"../../../Engine/Content/EditorMaterials/Camera/MI_CineMat_Rig.uexp" 761
"../../../Engine/Content/EditorMeshes/Camera/SM_CraneRig_Arm.ubulk" 762
"../../../Engine/Content/EditorMeshes/Camera/SM_CraneRig_Arm.uasset" 763
"../../../Engine/Content/EditorMeshes/Camera/SM_CraneRig_Arm.uexp" 764
"../../../Engine/Content/EditorMeshes/Camera/SM_CraneRig_Base.ubulk" 765
"../../../Engine/Content/EditorMeshes/Camera/SM_CraneRig_Base.uasset" 766
"../../../Engine/Content/EditorMeshes/Camera/SM_CraneRig_Base.uexp" 767
"../../../Engine/Content/EditorMeshes/Camera/SM_CraneRig_Body.ubulk" 768
"../../../Engine/Content/EditorMeshes/Camera/SM_CraneRig_Body.uasset" 769
"../../../Engine/Content/EditorMeshes/Camera/SM_CraneRig_Body.uexp" 770
"../../../Engine/Content/EngineMaterials/EnergyConservation/Diffuse_Energy.uasset" 771
"../../../Engine/Content/EngineMaterials/EnergyConservation/Diffuse_Energy.uexp" 772
"../../../Engine/Content/EditorMeshes/Camera/SM_CraneRig_Mount.ubulk" 773
"../../../Engine/Content/EditorMeshes/Camera/SM_CraneRig_Mount.uasset" 774
"../../../Engine/Content/EditorMeshes/Camera/SM_CraneRig_Mount.uexp" 775
"../../../Engine/Content/EngineMaterials/EnergyConservation/GGX_ReflectionEnergy.uasset" 776
"../../../Engine/Content/EngineMaterials/EnergyConservation/GGX_ReflectionEnergy.uexp" 777
"../../../Engine/Content/EditorMeshes/Camera/SM_RailRig_Mount.ubulk" 778
"../../../Engine/Content/EditorMeshes/Camera/SM_RailRig_Mount.uasset" 779
"../../../Engine/Content/EditorMeshes/Camera/SM_RailRig_Mount.uexp" 780
"../../../Engine/Content/EngineMaterials/EnergyConservation/GGX_TransmissionEnergyArray.uasset" 781
"../../../Engine/Content/EngineMaterials/EnergyConservation/GGX_TransmissionEnergyArray.uexp" 782
"../../../Engine/Content/EditorMeshes/Camera/SM_RailRig_Track.ubulk" 783
"../../../Engine/Content/EditorMeshes/Camera/SM_RailRig_Track.uasset" 784
"../../../Engine/Content/EditorMeshes/Camera/SM_RailRig_Track.uexp" 785
"../../../Engine/Content/EngineMaterials/EnergyConservation/SheenLegacy_Energy.uasset" 786
"../../../Engine/Content/EngineMaterials/EnergyConservation/SheenLegacy_Energy.uexp" 787
"../../../Engine/Content/EngineMaterials/EnergyConservation/Sheen_Energy.uasset" 788
"../../../Engine/Content/EngineMaterials/EnergyConservation/Sheen_Energy.uexp" 789
"../../../Engine/Content/EngineMaterials/LTC/GGX_LTCAmp.uasset" 790
"../../../Engine/Content/EngineMaterials/LTC/GGX_LTCAmp.uexp" 791
"../../../Engine/Content/EngineMaterials/LTC/GGX_LTCMat.uasset" 792
"../../../Engine/Content/EngineMaterials/LTC/GGX_LTCMat.uexp" 793
"../../../Engine/Content/EngineMaterials/LTC/Sheen_LTC.uasset" 794
"../../../Engine/Content/EngineMaterials/LTC/Sheen_LTC.uexp" 795
"../../../Engine/Content/EngineResources/Development/ZenLogo_64.uasset" 796
"../../../Engine/Content/EngineResources/Development/ZenLogo_64.uexp" 797
"../../../Engine/Content/EngineResources/FilmGrains/Marcie_Grain_v3_128_M2_000.uasset" 798
"../../../Engine/Content/EngineResources/FilmGrains/Marcie_Grain_v3_128_M2_000.uexp" 799
"../../../Engine/Plugins/Runtime/AudioWidgets/Content/Resources/ScrubHandleDown_Clamped.uasset" 800
"../../../Engine/Plugins/Runtime/AudioWidgets/Content/Resources/ScrubHandleDown_Clamped.uexp" 801
"../../../Engine/Plugins/Runtime/HairStrands/Content/Materials/HairCardsDefaultMaterial.uasset" 802
"../../../Engine/Plugins/Runtime/HairStrands/Content/Materials/HairCardsDefaultMaterial.uexp" 803
"../../../Engine/Content/Functions/Engine_MaterialFunctions02/Utility/MakeFloat2.uasset" 804
"../../../Engine/Content/Functions/Engine_MaterialFunctions02/Utility/MakeFloat2.uexp" 805
"../../../Engine/Content/EngineMaterials/HairColorMap.uasset" 806
"../../../Engine/Content/EngineMaterials/HairColorMap.uexp" 807
"../../../Engine/Content/EngineMaterials/HairDebugColor.uasset" 808
"../../../Engine/Content/EngineMaterials/HairDebugColor.uexp" 809
"../../../Engine/Plugins/Runtime/HairStrands/Content/Materials/HairGroupColors.uasset" 810
"../../../Engine/Plugins/Runtime/HairStrands/Content/Materials/HairGroupColors.uexp" 811
"../../../Engine/Plugins/Runtime/HairStrands/Content/Materials/HairDebugMaterial.uasset" 812
"../../../Engine/Plugins/Runtime/HairStrands/Content/Materials/HairDebugMaterial.uexp" 813
"../../../Engine/Plugins/Runtime/HairStrands/Content/Materials/HairDefaultMaterial.uasset" 814
"../../../Engine/Plugins/Runtime/HairStrands/Content/Materials/HairDefaultMaterial.uexp" 815
"../../../Engine/Plugins/Runtime/HairStrands/Content/Materials/HairMeshesDefaultMaterial.uasset" 816
"../../../Engine/Plugins/Runtime/HairStrands/Content/Materials/HairMeshesDefaultMaterial.uexp" 817
"../../../Engine/Content/EditorResources/SequenceRecorder/Countdown.uasset" 818
"../../../Engine/Content/EditorResources/SequenceRecorder/Countdown.uexp" 819
"../../../Engine/Content/EditorResources/SequenceRecorder/RecordingIndicator.uasset" 820
"../../../Engine/Content/EditorResources/SequenceRecorder/RecordingIndicator.uexp" 821
"../../../Engine/Content/VREditor/TransformGizmo/BoundingBoxCorner.ubulk" 822
"../../../Engine/Content/VREditor/TransformGizmo/BoundingBoxCorner.uasset" 823
"../../../Engine/Content/VREditor/TransformGizmo/BoundingBoxCorner.uexp" 824
"../../../Engine/Content/VREditor/TransformGizmo/BoundingBoxEdge.ubulk" 825
"../../../Engine/Content/VREditor/TransformGizmo/BoundingBoxEdge.uasset" 826
"../../../Engine/Content/VREditor/TransformGizmo/BoundingBoxEdge.uexp" 827
"../../../Engine/Plugins/Animation/DeformerGraph/Content/DeformerFunctions/DG_Function_LinearBlendSkin_Morph_Cloth.uasset" 828
"../../../Engine/Plugins/Animation/DeformerGraph/Content/DeformerFunctions/DG_Function_LinearBlendSkin_Morph_Cloth.uexp" 829
"../../../Engine/Plugins/Animation/DeformerGraph/Content/Deformers/DG_LinearBlendSkin_Morph_Cloth.uasset" 830
"../../../Engine/Plugins/Animation/DeformerGraph/Content/Deformers/DG_LinearBlendSkin_Morph_Cloth.uexp" 831
"../../../Engine/Plugins/Animation/DeformerGraph/Content/DeformerFunctions/DG_Function_ComputeNormalsTangents.uasset" 832
"../../../Engine/Plugins/Animation/DeformerGraph/Content/DeformerFunctions/DG_Function_ComputeNormalsTangents.uexp" 833
"../../../Engine/Plugins/Animation/DeformerGraph/Content/DeformerFunctions/DG_Function_LinearBlendSkin_Morph_Cloth_PositionOnly.uasset" 834
"../../../Engine/Plugins/Animation/DeformerGraph/Content/DeformerFunctions/DG_Function_LinearBlendSkin_Morph_Cloth_PositionOnly.uexp" 835
"../../../Engine/Plugins/Animation/DeformerGraph/Content/Deformers/DG_LinearBlendSkin_Morph_Cloth_RecomputeNormals.uasset" 836
"../../../Engine/Plugins/Animation/DeformerGraph/Content/Deformers/DG_LinearBlendSkin_Morph_Cloth_RecomputeNormals.uexp" 837
"../../../Engine/Plugins/Interchange/Assets/Content/Utilities/New_LUT.uasset" 838
"../../../Engine/Plugins/Interchange/Assets/Content/Utilities/New_LUT.uexp" 839
"../../../Engine/Content/Functions/Engine_MaterialFunctions03/Math/RemapValueRange.uasset" 840
"../../../Engine/Content/Functions/Engine_MaterialFunctions03/Math/RemapValueRange.uexp" 841
"../../../Engine/Plugins/Interchange/Assets/Content/Functions/MF_Iridescence.uasset" 842
"../../../Engine/Plugins/Interchange/Assets/Content/Functions/MF_Iridescence.uexp" 843
"../../../Engine/Plugins/Interchange/Assets/Content/gltf/Textures/T_White_srgb.uasset" 844
"../../../Engine/Plugins/Interchange/Assets/Content/gltf/Textures/T_White_srgb.uexp" 845
"../../../Engine/Plugins/Interchange/Assets/Content/gltf/MaterialFunctions/MF_BaseColor.uasset" 846
"../../../Engine/Plugins/Interchange/Assets/Content/gltf/MaterialFunctions/MF_BaseColor.uexp" 847
"../../../Engine/Plugins/Interchange/Assets/Content/gltf/MaterialFunctions/MF_RotateNormals_TS.uasset" 848
"../../../Engine/Plugins/Interchange/Assets/Content/gltf/MaterialFunctions/MF_RotateNormals_TS.uexp" 849
"../../../Engine/Plugins/Interchange/Assets/Content/gltf/Textures/T_Generic_N.uasset" 850
"../../../Engine/Plugins/Interchange/Assets/Content/gltf/Textures/T_Generic_N.uexp" 851
"../../../Engine/Plugins/Interchange/Assets/Content/gltf/Textures/T_White_Linear.uasset" 852
"../../../Engine/Plugins/Interchange/Assets/Content/gltf/Textures/T_White_Linear.uexp" 853
"../../../Engine/Plugins/Interchange/Assets/Content/gltf/MaterialFunctions/MF_Clearcoat.uasset" 854
"../../../Engine/Plugins/Interchange/Assets/Content/gltf/MaterialFunctions/MF_Clearcoat.uexp" 855
"../../../Engine/Plugins/Interchange/Assets/Content/gltf/MaterialFunctions/MF_Emissive.uasset" 856
"../../../Engine/Plugins/Interchange/Assets/Content/gltf/MaterialFunctions/MF_Emissive.uexp" 857
"../../../Engine/Plugins/Interchange/Assets/Content/gltf/MaterialFunctions/MF_IOR.uasset" 858
"../../../Engine/Plugins/Interchange/Assets/Content/gltf/MaterialFunctions/MF_IOR.uexp" 859
"../../../Engine/Plugins/Interchange/Assets/Content/gltf/MaterialFunctions/MF_Iridescence.uasset" 860
"../../../Engine/Plugins/Interchange/Assets/Content/gltf/MaterialFunctions/MF_Iridescence.uexp" 861
"../../../Engine/Plugins/Interchange/Assets/Content/gltf/MaterialFunctions/MF_MetallicRoughness.uasset" 862
"../../../Engine/Plugins/Interchange/Assets/Content/gltf/MaterialFunctions/MF_MetallicRoughness.uexp" 863
"../../../Engine/Plugins/Interchange/Assets/Content/gltf/MaterialFunctions/MF_ScaleNormal.uasset" 864
"../../../Engine/Plugins/Interchange/Assets/Content/gltf/MaterialFunctions/MF_ScaleNormal.uexp" 865
"../../../Engine/Plugins/Interchange/Assets/Content/gltf/MaterialFunctions/MF_Normals.uasset" 866
"../../../Engine/Plugins/Interchange/Assets/Content/gltf/MaterialFunctions/MF_Normals.uexp" 867
"../../../Engine/Plugins/Interchange/Assets/Content/gltf/MaterialFunctions/MF_Occlusion.uasset" 868
"../../../Engine/Plugins/Interchange/Assets/Content/gltf/MaterialFunctions/MF_Occlusion.uexp" 869
"../../../Engine/Plugins/Interchange/Assets/Content/gltf/MaterialFunctions/MF_Specular.uasset" 870
"../../../Engine/Plugins/Interchange/Assets/Content/gltf/MaterialFunctions/MF_Specular.uexp" 871
"../../../Engine/Plugins/Interchange/Assets/Content/gltf/Textures/T_Anisotropy_Direction_Linear.uasset" 872
"../../../Engine/Plugins/Interchange/Assets/Content/gltf/Textures/T_Anisotropy_Direction_Linear.uexp" 873
"../../../Engine/Plugins/Interchange/Assets/Content/gltf/MaterialFunctions/MF_SpecularAnisotropy.uasset" 874
"../../../Engine/Plugins/Interchange/Assets/Content/gltf/MaterialFunctions/MF_SpecularAnisotropy.uexp" 875
"../../../Engine/Plugins/Interchange/Assets/Content/gltf/MaterialFunctions/MF_RotateV2.uasset" 876
"../../../Engine/Plugins/Interchange/Assets/Content/gltf/MaterialFunctions/MF_RotateV2.uexp" 877
"../../../Engine/Plugins/Interchange/Assets/Content/gltf/MaterialFunctions/MF_TransformUVs.uasset" 878
"../../../Engine/Plugins/Interchange/Assets/Content/gltf/MaterialFunctions/MF_TransformUVs.uexp" 879
"../../../Engine/Plugins/Interchange/Assets/Content/gltf/MaterialBodies/MF_ClearCoat_Body.uasset" 880
"../../../Engine/Plugins/Interchange/Assets/Content/gltf/MaterialBodies/MF_ClearCoat_Body.uexp" 881
"../../../Engine/Plugins/Interchange/Assets/Content/gltf/M_ClearCoat.uasset" 882
"../../../Engine/Plugins/Interchange/Assets/Content/gltf/M_ClearCoat.uexp" 883
"../../../Engine/Plugins/Interchange/Assets/Content/gltf/MaterialInstances/MI_ClearCoat_Blend.uasset" 884
"../../../Engine/Plugins/Interchange/Assets/Content/gltf/MaterialInstances/MI_ClearCoat_Blend.uexp" 885
"../../../Engine/Plugins/Interchange/Assets/Content/gltf/MaterialInstances/MI_ClearCoat_Blend_DS.uasset" 886
"../../../Engine/Plugins/Interchange/Assets/Content/gltf/MaterialInstances/MI_ClearCoat_Blend_DS.uexp" 887
"../../../Engine/Plugins/Interchange/Assets/Content/gltf/MaterialInstances/MI_ClearCoat_Mask.uasset" 888
"../../../Engine/Plugins/Interchange/Assets/Content/gltf/MaterialInstances/MI_ClearCoat_Mask.uexp" 889
"../../../Engine/Plugins/Interchange/Assets/Content/gltf/MaterialInstances/MI_ClearCoat_Mask_DS.uasset" 890
"../../../Engine/Plugins/Interchange/Assets/Content/gltf/MaterialInstances/MI_ClearCoat_Mask_DS.uexp" 891
"../../../Engine/Plugins/Interchange/Assets/Content/gltf/MaterialInstances/MI_ClearCoat_Opaque.uasset" 892
"../../../Engine/Plugins/Interchange/Assets/Content/gltf/MaterialInstances/MI_ClearCoat_Opaque.uexp" 893
"../../../Engine/Plugins/Interchange/Assets/Content/gltf/MaterialInstances/MI_ClearCoat_Opaque_DS.uasset" 894
"../../../Engine/Plugins/Interchange/Assets/Content/gltf/MaterialInstances/MI_ClearCoat_Opaque_DS.uexp" 895
"../../../Engine/Plugins/Interchange/Assets/Content/gltf/MaterialBodies/MF_Default_Body.uasset" 896
"../../../Engine/Plugins/Interchange/Assets/Content/gltf/MaterialBodies/MF_Default_Body.uexp" 897
"../../../Engine/Plugins/Interchange/Assets/Content/gltf/M_Default.uasset" 898
"../../../Engine/Plugins/Interchange/Assets/Content/gltf/M_Default.uexp" 899
"../../../Engine/Plugins/Interchange/Assets/Content/gltf/MaterialInstances/MI_Default_Blend.uasset" 900
"../../../Engine/Plugins/Interchange/Assets/Content/gltf/MaterialInstances/MI_Default_Blend.uexp" 901
"../../../Engine/Plugins/Interchange/Assets/Content/gltf/MaterialInstances/MI_Default_Blend_DS.uasset" 902
"../../../Engine/Plugins/Interchange/Assets/Content/gltf/MaterialInstances/MI_Default_Blend_DS.uexp" 903
"../../../Engine/Plugins/Interchange/Assets/Content/gltf/MaterialInstances/MI_Default_Mask.uasset" 904
"../../../Engine/Plugins/Interchange/Assets/Content/gltf/MaterialInstances/MI_Default_Mask.uexp" 905
"../../../Engine/Plugins/Interchange/Assets/Content/gltf/MaterialInstances/MI_Default_Mask_DS.uasset" 906
"../../../Engine/Plugins/Interchange/Assets/Content/gltf/MaterialInstances/MI_Default_Mask_DS.uexp" 907
"../../../Engine/Plugins/Interchange/Assets/Content/gltf/MaterialInstances/MI_Default_Opaque.uasset" 908
"../../../Engine/Plugins/Interchange/Assets/Content/gltf/MaterialInstances/MI_Default_Opaque.uexp" 909
"../../../Engine/Plugins/Interchange/Assets/Content/gltf/MaterialInstances/MI_Default_Opaque_DS.uasset" 910
"../../../Engine/Plugins/Interchange/Assets/Content/gltf/MaterialInstances/MI_Default_Opaque_DS.uexp" 911
"../../../Engine/Plugins/Interchange/Assets/Content/gltf/MaterialFunctions/MF_Sheen.uasset" 912
"../../../Engine/Plugins/Interchange/Assets/Content/gltf/MaterialFunctions/MF_Sheen.uexp" 913
"../../../Engine/Plugins/Interchange/Assets/Content/gltf/MaterialBodies/MF_Sheen_Body.uasset" 914
"../../../Engine/Plugins/Interchange/Assets/Content/gltf/MaterialBodies/MF_Sheen_Body.uexp" 915
"../../../Engine/Plugins/Interchange/Assets/Content/gltf/M_Sheen.uasset" 916
"../../../Engine/Plugins/Interchange/Assets/Content/gltf/M_Sheen.uexp" 917
"../../../Engine/Plugins/Interchange/Assets/Content/gltf/MaterialInstances/MI_Sheen_Blend.uasset" 918
"../../../Engine/Plugins/Interchange/Assets/Content/gltf/MaterialInstances/MI_Sheen_Blend.uexp" 919
"../../../Engine/Plugins/Interchange/Assets/Content/gltf/MaterialInstances/MI_Sheen_Blend_DS.uasset" 920
"../../../Engine/Plugins/Interchange/Assets/Content/gltf/MaterialInstances/MI_Sheen_Blend_DS.uexp" 921
"../../../Engine/Plugins/Interchange/Assets/Content/gltf/MaterialInstances/MI_Sheen_Mask.uasset" 922
"../../../Engine/Plugins/Interchange/Assets/Content/gltf/MaterialInstances/MI_Sheen_Mask.uexp" 923
"../../../Engine/Plugins/Interchange/Assets/Content/gltf/MaterialInstances/MI_Sheen_Mask_DS.uasset" 924
"../../../Engine/Plugins/Interchange/Assets/Content/gltf/MaterialInstances/MI_Sheen_Mask_DS.uexp" 925
"../../../Engine/Plugins/Interchange/Assets/Content/gltf/MaterialInstances/MI_Sheen_Opaque.uasset" 926
"../../../Engine/Plugins/Interchange/Assets/Content/gltf/MaterialInstances/MI_Sheen_Opaque.uexp" 927
"../../../Engine/Plugins/Interchange/Assets/Content/gltf/MaterialInstances/MI_Sheen_Opaque_DS.uasset" 928
"../../../Engine/Plugins/Interchange/Assets/Content/gltf/MaterialInstances/MI_Sheen_Opaque_DS.uexp" 929
"../../../Engine/Content/Functions/Engine_MaterialFunctions02/WorldPositionOffset/ObjectScale.uasset" 930
"../../../Engine/Content/Functions/Engine_MaterialFunctions02/WorldPositionOffset/ObjectScale.uexp" 931
"../../../Engine/Plugins/Editor/SpeedTreeImporter/Content/SpeedTree9/Empty.uasset" 932
"../../../Engine/Plugins/Editor/SpeedTreeImporter/Content/SpeedTree9/Empty.uexp" 933
"../../../Engine/Plugins/Editor/SpeedTreeImporter/Content/SpeedTree9/EmptyNormal.uasset" 934
"../../../Engine/Plugins/Editor/SpeedTreeImporter/Content/SpeedTree9/EmptyNormal.uexp" 935
"../../../Engine/Plugins/Editor/SpeedTreeImporter/Content/SpeedTree9/game_wind_noise.ubulk" 936
"../../../Engine/Plugins/Editor/SpeedTreeImporter/Content/SpeedTree9/game_wind_noise.uasset" 937
"../../../Engine/Plugins/Editor/SpeedTreeImporter/Content/SpeedTree9/game_wind_noise.uexp" 938
"../../../Engine/Plugins/Editor/SpeedTreeImporter/Content/SpeedTree9/SpeedTreeBillboard.uasset" 939
"../../../Engine/Plugins/Editor/SpeedTreeImporter/Content/SpeedTree9/SpeedTreeBillboard.uexp" 940
"../../../Engine/Content/Functions/Engine_MaterialFunctions02/SafeNormalize.uasset" 941
"../../../Engine/Content/Functions/Engine_MaterialFunctions02/SafeNormalize.uexp" 942
"../../../Engine/Plugins/Editor/SpeedTreeImporter/Content/SpeedTree9/SpeedTreeWindMotion.uasset" 943
"../../../Engine/Plugins/Editor/SpeedTreeImporter/Content/SpeedTree9/SpeedTreeWindMotion.uexp" 944
"../../../Engine/Plugins/Editor/SpeedTreeImporter/Content/SpeedTree9/UnpackDirection.uasset" 945
"../../../Engine/Plugins/Editor/SpeedTreeImporter/Content/SpeedTree9/UnpackDirection.uexp" 946
"../../../Engine/Plugins/Editor/SpeedTreeImporter/Content/SpeedTree9/UnpackInteger3.uasset" 947
"../../../Engine/Plugins/Editor/SpeedTreeImporter/Content/SpeedTree9/UnpackInteger3.uexp" 948
"../../../Engine/Plugins/Editor/SpeedTreeImporter/Content/SpeedTree9/SpeedTreeBranchMotion.uasset" 949
"../../../Engine/Plugins/Editor/SpeedTreeImporter/Content/SpeedTree9/SpeedTreeBranchMotion.uexp" 950
"../../../Engine/Content/Functions/Engine_MaterialFunctions02/ObjectLocalBounds.uasset" 951
"../../../Engine/Content/Functions/Engine_MaterialFunctions02/ObjectLocalBounds.uexp" 952
"../../../Engine/Content/Functions/Engine_MaterialFunctions02/UVs/BoundingBoxBased_0-1_UVW.uasset" 953
"../../../Engine/Content/Functions/Engine_MaterialFunctions02/UVs/BoundingBoxBased_0-1_UVW.uexp" 954
"../../../Engine/Plugins/Editor/SpeedTreeImporter/Content/SpeedTree9/SpeedTreeWind.uasset" 955
"../../../Engine/Plugins/Editor/SpeedTreeImporter/Content/SpeedTree9/SpeedTreeWind.uexp" 956
"../../../Engine/Plugins/Editor/SpeedTreeImporter/Content/SpeedTree9/SpeedTreeBillboardMaster.uasset" 957
"../../../Engine/Plugins/Editor/SpeedTreeImporter/Content/SpeedTree9/SpeedTreeBillboardMaster.uexp" 958
"../../../Engine/Plugins/Interchange/Assets/Content/gltf/MaterialFunctions/MF_DiffuseSpecGloss.uasset" 959
"../../../Engine/Plugins/Interchange/Assets/Content/gltf/MaterialFunctions/MF_DiffuseSpecGloss.uexp" 960
"../../../Engine/Plugins/Interchange/Assets/Content/gltf/MaterialFunctions/MF_MaxComponentValue.uasset" 961
"../../../Engine/Plugins/Interchange/Assets/Content/gltf/MaterialFunctions/MF_MaxComponentValue.uexp" 962
"../../../Engine/Content/Functions/Engine_MaterialFunctions02/Math/AddComponents.uasset" 963
"../../../Engine/Content/Functions/Engine_MaterialFunctions02/Math/AddComponents.uexp" 964
"../../../Engine/Plugins/Interchange/Assets/Content/gltf/MaterialFunctions/MF_PerceivedBrightness.uasset" 965
"../../../Engine/Plugins/Interchange/Assets/Content/gltf/MaterialFunctions/MF_PerceivedBrightness.uexp" 966
"../../../Engine/Plugins/Interchange/Assets/Content/gltf/MaterialFunctions/MF_SpecGlossToMetalRoughness.uasset" 967
"../../../Engine/Plugins/Interchange/Assets/Content/gltf/MaterialFunctions/MF_SpecGlossToMetalRoughness.uexp" 968
"../../../Engine/Plugins/Interchange/Assets/Content/gltf/MaterialBodies/MF_SpecularGlossiness_Body.uasset" 969
"../../../Engine/Plugins/Interchange/Assets/Content/gltf/MaterialBodies/MF_SpecularGlossiness_Body.uexp" 970
"../../../Engine/Plugins/Interchange/Assets/Content/gltf/M_SpecularGlossiness.uasset" 971
"../../../Engine/Plugins/Interchange/Assets/Content/gltf/M_SpecularGlossiness.uexp" 972
"../../../Engine/Plugins/Interchange/Assets/Content/gltf/MaterialInstances/MI_SpecularGlossiness_Blend.uasset" 973
"../../../Engine/Plugins/Interchange/Assets/Content/gltf/MaterialInstances/MI_SpecularGlossiness_Blend.uexp" 974
"../../../Engine/Plugins/Interchange/Assets/Content/gltf/MaterialInstances/MI_SpecularGlossiness_Blend_DS.uasset" 975
"../../../Engine/Plugins/Interchange/Assets/Content/gltf/MaterialInstances/MI_SpecularGlossiness_Blend_DS.uexp" 976
"../../../Engine/Plugins/Interchange/Assets/Content/gltf/MaterialInstances/MI_SpecularGlossiness_Mask.uasset" 977
"../../../Engine/Plugins/Interchange/Assets/Content/gltf/MaterialInstances/MI_SpecularGlossiness_Mask.uexp" 978
"../../../Engine/Plugins/Interchange/Assets/Content/gltf/MaterialInstances/MI_SpecularGlossiness_Mask_DS.uasset" 979
"../../../Engine/Plugins/Interchange/Assets/Content/gltf/MaterialInstances/MI_SpecularGlossiness_Mask_DS.uexp" 980
"../../../Engine/Plugins/Editor/SpeedTreeImporter/Content/SpeedTree9/SpeedTreeCameraFacing.uasset" 981
"../../../Engine/Plugins/Editor/SpeedTreeImporter/Content/SpeedTree9/SpeedTreeCameraFacing.uexp" 982
"../../../Engine/Plugins/Editor/SpeedTreeImporter/Content/SpeedTree9/SpeedTreeMaster.uasset" 983
"../../../Engine/Plugins/Editor/SpeedTreeImporter/Content/SpeedTree9/SpeedTreeMaster.uexp" 984
"../../../Engine/Plugins/Interchange/Assets/Content/gltf/MaterialInstances/MI_SpecularGlossiness_Opaque.uasset" 985
"../../../Engine/Plugins/Interchange/Assets/Content/gltf/MaterialInstances/MI_SpecularGlossiness_Opaque.uexp" 986
"../../../Engine/Plugins/Interchange/Assets/Content/gltf/MaterialInstances/MI_SpecularGlossiness_Opaque_DS.uasset" 987
"../../../Engine/Plugins/Interchange/Assets/Content/gltf/MaterialInstances/MI_SpecularGlossiness_Opaque_DS.uexp" 988
"../../../Engine/Plugins/Interchange/Assets/Content/gltf/MaterialFunctions/MF_Fresnel_DS.uasset" 989
"../../../Engine/Plugins/Interchange/Assets/Content/gltf/MaterialFunctions/MF_Fresnel_DS.uexp" 990
"../../../Engine/Plugins/Interchange/Assets/Content/gltf/MaterialFunctions/MF_Temporal_Blur.uasset" 991
"../../../Engine/Plugins/Interchange/Assets/Content/gltf/MaterialFunctions/MF_Temporal_Blur.uexp" 992
"../../../Engine/Plugins/Interchange/Assets/Content/gltf/MaterialFunctions/MF_Transmission.uasset" 993
"../../../Engine/Plugins/Interchange/Assets/Content/gltf/MaterialFunctions/MF_Transmission.uexp" 994
"../../../Engine/Plugins/Interchange/Assets/Content/gltf/MaterialBodies/MF_Transmission_Body.uasset" 995
"../../../Engine/Plugins/Interchange/Assets/Content/gltf/MaterialBodies/MF_Transmission_Body.uexp" 996
"../../../Engine/Plugins/Interchange/Assets/Content/gltf/M_Transmission.uasset" 997
"../../../Engine/Plugins/Interchange/Assets/Content/gltf/M_Transmission.uexp" 998
"../../../Engine/Plugins/Interchange/Assets/Content/gltf/MaterialInstances/MI_Transmission.uasset" 999
"../../../Engine/Plugins/Interchange/Assets/Content/gltf/MaterialInstances/MI_Transmission.uexp" 1000
"../../../Engine/Plugins/Interchange/Assets/Content/gltf/MaterialInstances/MI_Transmission_DS.uasset" 1001
"../../../Engine/Plugins/Interchange/Assets/Content/gltf/MaterialInstances/MI_Transmission_DS.uexp" 1002
"../../../Engine/Plugins/Interchange/Assets/Content/gltf/MaterialBodies/MF_Unlit_Body.uasset" 1003
"../../../Engine/Plugins/Interchange/Assets/Content/gltf/MaterialBodies/MF_Unlit_Body.uexp" 1004
"../../../Engine/Plugins/Interchange/Assets/Content/gltf/M_Unlit.uasset" 1005
"../../../Engine/Plugins/Interchange/Assets/Content/gltf/M_Unlit.uexp" 1006
"../../../Engine/Plugins/Interchange/Assets/Content/gltf/MaterialInstances/MI_Unlit_Blend.uasset" 1007
"../../../Engine/Plugins/Interchange/Assets/Content/gltf/MaterialInstances/MI_Unlit_Blend.uexp" 1008
"../../../Engine/Plugins/Interchange/Assets/Content/gltf/MaterialInstances/MI_Unlit_Blend_DS.uasset" 1009
"../../../Engine/Plugins/Interchange/Assets/Content/gltf/MaterialInstances/MI_Unlit_Blend_DS.uexp" 1010
"../../../Engine/Plugins/Interchange/Assets/Content/gltf/MaterialInstances/MI_Unlit_Mask.uasset" 1011
"../../../Engine/Plugins/Interchange/Assets/Content/gltf/MaterialInstances/MI_Unlit_Mask.uexp" 1012
"../../../Engine/Plugins/Interchange/Assets/Content/gltf/MaterialInstances/MI_Unlit_Mask_DS.uasset" 1013
"../../../Engine/Plugins/Interchange/Assets/Content/gltf/MaterialInstances/MI_Unlit_Mask_DS.uexp" 1014
"../../../Engine/Plugins/Interchange/Assets/Content/gltf/MaterialInstances/MI_Unlit_Opaque.uasset" 1015
"../../../Engine/Plugins/Interchange/Assets/Content/gltf/MaterialInstances/MI_Unlit_Opaque.uexp" 1016
"../../../Engine/Plugins/Interchange/Assets/Content/gltf/MaterialInstances/MI_Unlit_Opaque_DS.uasset" 1017
"../../../Engine/Plugins/Interchange/Assets/Content/gltf/MaterialInstances/MI_Unlit_Opaque_DS.uexp" 1018
"../../../Engine/Content/EngineMaterials/Substrate/GLints/AGlintTex2dArray.uasset" 1019
"../../../Engine/Content/EngineMaterials/Substrate/GLints/AGlintTex2dArray.uexp" 1020
"../../../Engine/Content/ArtTools/RenderToTexture/Meshes/S_1_Unit_Plane.ubulk" 1021
"../../../Engine/Content/ArtTools/RenderToTexture/Meshes/S_1_Unit_Plane.uasset" 1022
"../../../Engine/Content/ArtTools/RenderToTexture/Meshes/S_1_Unit_Plane.uexp" 1023
"../../../Engine/Content/EngineMaterials/Substrate/Glints2/AGlintTex2dArray2.uasset" 1024
"../../../Engine/Content/EngineMaterials/Substrate/Glints2/AGlintTex2dArray2.uexp" 1025
"../../../Engine/Content/Functions/Engine_MaterialFunctions01/Shading/ConvertFromDiffSpec.uasset" 1026
"../../../Engine/Content/Functions/Engine_MaterialFunctions01/Shading/ConvertFromDiffSpec.uexp" 1027
"../../../Engine/Content/Functions/Engine_MaterialFunctions01/Shading/PowerToRoughness.uasset" 1028
"../../../Engine/Content/Functions/Engine_MaterialFunctions01/Shading/PowerToRoughness.uexp" 1029
"../../../Engine/Content/EngineMaterials/Substrate/Volume/SubstrateSimpleVolumeEnvLUT3D.uasset" 1030
"../../../Engine/Content/EngineMaterials/Substrate/Volume/SubstrateSimpleVolumeEnvLUT3D.uexp" 1031
"../../../Engine/Content/EngineMaterials/Substrate/Volume/SubstrateSimpleVolumeLUT3D.uasset" 1032
"../../../Engine/Content/EngineMaterials/Substrate/Volume/SubstrateSimpleVolumeLUT3D.uexp" 1033
"../../../Engine/Content/Maps/Entry_BuiltData.uasset" 1034
"../../../Engine/Content/Maps/Entry_BuiltData.uexp" 1035
"../../../Engine/Content/Maps/Entry.uexp" 1036
"../../../Engine/Content/Maps/Entry.umap" 1037
"../../../Engine/Content/BasicShapes/Plane.ubulk" 1038
"../../../Engine/Content/BasicShapes/Plane.uasset" 1039
"../../../Engine/Content/BasicShapes/Plane.uexp" 1040
"../../../Engine/Content/EngineSky/T_Sky_Blue.ubulk" 1041
"../../../Engine/Content/EngineSky/T_Sky_Blue.uasset" 1042
"../../../Engine/Content/EngineSky/T_Sky_Blue.uexp" 1043
"../../../Engine/Content/EngineSky/T_Sky_Clouds_M.ubulk" 1044
"../../../Engine/Content/EngineSky/T_Sky_Clouds_M.uasset" 1045
"../../../Engine/Content/EngineSky/T_Sky_Clouds_M.uexp" 1046
"../../../Engine/Content/EngineSky/T_Sky_Stars.ubulk" 1047
"../../../Engine/Content/EngineSky/T_Sky_Stars.uasset" 1048
"../../../Engine/Content/EngineSky/T_Sky_Stars.uexp" 1049
"../../../Engine/Content/EngineSky/M_Sky_Panning_Clouds2.uasset" 1050
"../../../Engine/Content/EngineSky/M_Sky_Panning_Clouds2.uexp" 1051
"../../../Engine/Content/EngineSky/SM_SkySphere.ubulk" 1052
"../../../Engine/Content/EngineSky/SM_SkySphere.uasset" 1053
"../../../Engine/Content/EngineSky/SM_SkySphere.uexp" 1054
"../../../Engine/Content/EngineSky/M_SimpleSkyDome.uasset" 1055
"../../../Engine/Content/EngineSky/M_SimpleSkyDome.uexp" 1056
"../../../Engine/Content/Functions/Engine_MaterialFunctions02/Utility/BreakOutFloat4Components.uasset" 1057
"../../../Engine/Content/Functions/Engine_MaterialFunctions02/Utility/BreakOutFloat4Components.uexp" 1058
"../../../Engine/Content/Functions/Engine_MaterialFunctions02/Utility/MakeFloat4.uasset" 1059
"../../../Engine/Content/Functions/Engine_MaterialFunctions02/Utility/MakeFloat4.uexp" 1060
"../../../Engine/Content/EngineResources/DefaultVolumeTexture2D.uasset" 1061
"../../../Engine/Content/EngineResources/DefaultVolumeTexture2D.uexp" 1062
"../../../Engine/Content/EngineResources/DefaultVolumeTexture.uasset" 1063
"../../../Engine/Content/EngineResources/DefaultVolumeTexture.uexp" 1064
"../../../Engine/Content/EngineSky/VolumetricClouds/VT_Lightning.uasset" 1065
"../../../Engine/Content/EngineSky/VolumetricClouds/VT_Lightning.uexp" 1066
"../../../Engine/Content/Functions/Engine_MaterialFunctions01/Units/Km-to-Cm.uasset" 1067
"../../../Engine/Content/Functions/Engine_MaterialFunctions01/Units/Km-to-Cm.uexp" 1068
"../../../Engine/Content/EngineSky/VolumetricClouds/m_SimpleVolumetricCloud.uasset" 1069
"../../../Engine/Content/EngineSky/VolumetricClouds/m_SimpleVolumetricCloud.uexp" 1070
"../../../Engine/Content/EngineSky/VolumetricClouds/T_CloudMask.ubulk" 1071
"../../../Engine/Content/EngineSky/VolumetricClouds/T_CloudMask.uasset" 1072
"../../../Engine/Content/EngineSky/VolumetricClouds/T_CloudMask.uexp" 1073
"../../../Engine/Content/EngineSky/VolumetricClouds/T_CloudPattern.ubulk" 1074
"../../../Engine/Content/EngineSky/VolumetricClouds/T_CloudPattern.uasset" 1075
"../../../Engine/Content/EngineSky/VolumetricClouds/T_CloudPattern.uexp" 1076
"../../../Engine/Content/EngineSky/VolumetricClouds/T_Profile_08.ubulk" 1077
"../../../Engine/Content/EngineSky/VolumetricClouds/T_Profile_08.uasset" 1078
"../../../Engine/Content/EngineSky/VolumetricClouds/T_Profile_08.uexp" 1079
"../../../Engine/Content/EngineSky/VolumetricClouds/VT_PerlinWorley_Balanced.uasset" 1080
"../../../Engine/Content/EngineSky/VolumetricClouds/VT_PerlinWorley_Balanced.uexp" 1081
"../../../Engine/Content/EngineSky/VolumetricClouds/m_SimpleVolumetricCloud_Inst.uasset" 1082
"../../../Engine/Content/EngineSky/VolumetricClouds/m_SimpleVolumetricCloud_Inst.uexp" 1083
"C:/Users/Utkarsh Anand/Documents/Unreal Projects/SplitSecond/Content/Museum/Materials/MI_Emissive01.uasset" 1084
"C:/Users/Utkarsh Anand/Documents/Unreal Projects/SplitSecond/Content/Museum/Materials/MI_Emissive01.uexp" 1085
"C:/Users/Utkarsh Anand/Documents/Unreal Projects/SplitSecond/Content/Museum/Materials/MI_FlatColor01.uasset" 1086
"C:/Users/Utkarsh Anand/Documents/Unreal Projects/SplitSecond/Content/Museum/Materials/MI_FlatColor01.uexp" 1087
"C:/Users/Utkarsh Anand/Documents/Unreal Projects/SplitSecond/Content/Museum/Textures/T_Stucco01_ORM.ubulk" 1088
"C:/Users/Utkarsh Anand/Documents/Unreal Projects/SplitSecond/Content/Museum/Textures/T_Stucco01_ORM.uasset" 1089
"C:/Users/Utkarsh Anand/Documents/Unreal Projects/SplitSecond/Content/Museum/Textures/T_Stucco01_ORM.uexp" 1090
"C:/Users/Utkarsh Anand/Documents/Unreal Projects/SplitSecond/Content/Museum/Materials/MI_FlatColor03.uasset" 1091
"C:/Users/Utkarsh Anand/Documents/Unreal Projects/SplitSecond/Content/Museum/Materials/MI_FlatColor03.uexp" 1092
"C:/Users/Utkarsh Anand/Documents/Unreal Projects/SplitSecond/Content/Museum/Materials/MI_FlatColor04.uasset" 1093
"C:/Users/Utkarsh Anand/Documents/Unreal Projects/SplitSecond/Content/Museum/Materials/MI_FlatColor04.uexp" 1094
"C:/Users/Utkarsh Anand/Documents/Unreal Projects/SplitSecond/Content/Museum/Textures/T_Hebe01_N.ubulk" 1095
"C:/Users/Utkarsh Anand/Documents/Unreal Projects/SplitSecond/Content/Museum/Textures/T_Hebe01_N.uasset" 1096
"C:/Users/Utkarsh Anand/Documents/Unreal Projects/SplitSecond/Content/Museum/Textures/T_Hebe01_N.uexp" 1097
"C:/Users/Utkarsh Anand/Documents/Unreal Projects/SplitSecond/Content/Museum/Textures/T_Hebe04_BC.ubulk" 1098
"C:/Users/Utkarsh Anand/Documents/Unreal Projects/SplitSecond/Content/Museum/Textures/T_Hebe04_BC.uasset" 1099
"C:/Users/Utkarsh Anand/Documents/Unreal Projects/SplitSecond/Content/Museum/Textures/T_Hebe04_BC.uexp" 1100
"C:/Users/Utkarsh Anand/Documents/Unreal Projects/SplitSecond/Content/Museum/Textures/T_Hebe04_ORM.ubulk" 1101
"C:/Users/Utkarsh Anand/Documents/Unreal Projects/SplitSecond/Content/Museum/Textures/T_Hebe04_ORM.uasset" 1102
"C:/Users/Utkarsh Anand/Documents/Unreal Projects/SplitSecond/Content/Museum/Textures/T_Hebe04_ORM.uexp" 1103
"C:/Users/Utkarsh Anand/Documents/Unreal Projects/SplitSecond/Content/Museum/Materials/MI_Hebe02.uasset" 1104
"C:/Users/Utkarsh Anand/Documents/Unreal Projects/SplitSecond/Content/Museum/Materials/MI_Hebe02.uexp" 1105
"C:/Users/Utkarsh Anand/Documents/Unreal Projects/SplitSecond/Content/Museum/Textures/T_Painting_N.ubulk" 1106
"C:/Users/Utkarsh Anand/Documents/Unreal Projects/SplitSecond/Content/Museum/Textures/T_Painting_N.uasset" 1107
"C:/Users/Utkarsh Anand/Documents/Unreal Projects/SplitSecond/Content/Museum/Textures/T_Painting_N.uexp" 1108
"C:/Users/Utkarsh Anand/Documents/Unreal Projects/SplitSecond/Content/Museum/Textures/T_Painting_ORM.ubulk" 1109
"C:/Users/Utkarsh Anand/Documents/Unreal Projects/SplitSecond/Content/Museum/Textures/T_Painting_ORM.uasset" 1110
"C:/Users/Utkarsh Anand/Documents/Unreal Projects/SplitSecond/Content/Museum/Textures/T_Painting_ORM.uexp" 1111
"C:/Users/Utkarsh Anand/Documents/Unreal Projects/SplitSecond/Content/Museum/Textures/T_SkyPainting01_BC.ubulk" 1112
"C:/Users/Utkarsh Anand/Documents/Unreal Projects/SplitSecond/Content/Museum/Textures/T_SkyPainting01_BC.uasset" 1113
"C:/Users/Utkarsh Anand/Documents/Unreal Projects/SplitSecond/Content/Museum/Textures/T_SkyPainting01_BC.uexp" 1114
"C:/Users/Utkarsh Anand/Documents/Unreal Projects/SplitSecond/Content/Museum/Materials/MI_Painting01.uasset" 1115
"C:/Users/Utkarsh Anand/Documents/Unreal Projects/SplitSecond/Content/Museum/Materials/MI_Painting01.uexp" 1116
"C:/Users/Utkarsh Anand/Documents/Unreal Projects/SplitSecond/Content/Museum/Textures/T_SkyPainting02_BC.ubulk" 1117
"C:/Users/Utkarsh Anand/Documents/Unreal Projects/SplitSecond/Content/Museum/Textures/T_SkyPainting02_BC.uasset" 1118
"C:/Users/Utkarsh Anand/Documents/Unreal Projects/SplitSecond/Content/Museum/Textures/T_SkyPainting02_BC.uexp" 1119
"C:/Users/Utkarsh Anand/Documents/Unreal Projects/SplitSecond/Content/Museum/Materials/MI_Painting02.uasset" 1120
"C:/Users/Utkarsh Anand/Documents/Unreal Projects/SplitSecond/Content/Museum/Materials/MI_Painting02.uexp" 1121
"C:/Users/Utkarsh Anand/Documents/Unreal Projects/SplitSecond/Content/Museum/Textures/T_SkyPainting03_BC.ubulk" 1122
"C:/Users/Utkarsh Anand/Documents/Unreal Projects/SplitSecond/Content/Museum/Textures/T_SkyPainting03_BC.uasset" 1123
"C:/Users/Utkarsh Anand/Documents/Unreal Projects/SplitSecond/Content/Museum/Textures/T_SkyPainting03_BC.uexp" 1124
"C:/Users/Utkarsh Anand/Documents/Unreal Projects/SplitSecond/Content/Museum/Materials/MI_Painting03.uasset" 1125
"C:/Users/Utkarsh Anand/Documents/Unreal Projects/SplitSecond/Content/Museum/Materials/MI_Painting03.uexp" 1126
"C:/Users/Utkarsh Anand/Documents/Unreal Projects/SplitSecond/Content/Museum/Textures/T_CeilingPainting05_BC.ubulk" 1127
"C:/Users/Utkarsh Anand/Documents/Unreal Projects/SplitSecond/Content/Museum/Textures/T_CeilingPainting05_BC.uasset" 1128
"C:/Users/Utkarsh Anand/Documents/Unreal Projects/SplitSecond/Content/Museum/Textures/T_CeilingPainting05_BC.uexp" 1129
"C:/Users/Utkarsh Anand/Documents/Unreal Projects/SplitSecond/Content/Museum/Materials/MI_Painting05.uasset" 1130
"C:/Users/Utkarsh Anand/Documents/Unreal Projects/SplitSecond/Content/Museum/Materials/MI_Painting05.uexp" 1131
"C:/Users/Utkarsh Anand/Documents/Unreal Projects/SplitSecond/Content/Museum/Textures/T_CeilingPainting06_BC.ubulk" 1132
"C:/Users/Utkarsh Anand/Documents/Unreal Projects/SplitSecond/Content/Museum/Textures/T_CeilingPainting06_BC.uasset" 1133
"C:/Users/Utkarsh Anand/Documents/Unreal Projects/SplitSecond/Content/Museum/Textures/T_CeilingPainting06_BC.uexp" 1134
"C:/Users/Utkarsh Anand/Documents/Unreal Projects/SplitSecond/Content/Museum/Materials/MI_Painting06.uasset" 1135
"C:/Users/Utkarsh Anand/Documents/Unreal Projects/SplitSecond/Content/Museum/Materials/MI_Painting06.uexp" 1136
"C:/Users/Utkarsh Anand/Documents/Unreal Projects/SplitSecond/Content/Museum/Textures/T_Painting22_BC.ubulk" 1137
"C:/Users/Utkarsh Anand/Documents/Unreal Projects/SplitSecond/Content/Museum/Textures/T_Painting22_BC.uasset" 1138
"C:/Users/Utkarsh Anand/Documents/Unreal Projects/SplitSecond/Content/Museum/Textures/T_Painting22_BC.uexp" 1139
"C:/Users/Utkarsh Anand/Documents/Unreal Projects/SplitSecond/Content/Museum/Materials/MI_Painting08.uasset" 1140
"C:/Users/Utkarsh Anand/Documents/Unreal Projects/SplitSecond/Content/Museum/Materials/MI_Painting08.uexp" 1141
"C:/Users/Utkarsh Anand/Documents/Unreal Projects/SplitSecond/Content/Museum/Textures/T_Painting20_BC.ubulk" 1142
"C:/Users/Utkarsh Anand/Documents/Unreal Projects/SplitSecond/Content/Museum/Textures/T_Painting20_BC.uasset" 1143
"C:/Users/Utkarsh Anand/Documents/Unreal Projects/SplitSecond/Content/Museum/Textures/T_Painting20_BC.uexp" 1144
"C:/Users/Utkarsh Anand/Documents/Unreal Projects/SplitSecond/Content/Museum/Materials/MI_Painting09.uasset" 1145
"C:/Users/Utkarsh Anand/Documents/Unreal Projects/SplitSecond/Content/Museum/Materials/MI_Painting09.uexp" 1146
"C:/Users/Utkarsh Anand/Documents/Unreal Projects/SplitSecond/Content/Museum/Textures/T_Painting01.ubulk" 1147
"C:/Users/Utkarsh Anand/Documents/Unreal Projects/SplitSecond/Content/Museum/Textures/T_Painting01.uasset" 1148
"C:/Users/Utkarsh Anand/Documents/Unreal Projects/SplitSecond/Content/Museum/Textures/T_Painting01.uexp" 1149
"C:/Users/Utkarsh Anand/Documents/Unreal Projects/SplitSecond/Content/Museum/Materials/MI_Painting11.uasset" 1150
"C:/Users/Utkarsh Anand/Documents/Unreal Projects/SplitSecond/Content/Museum/Materials/MI_Painting11.uexp" 1151
"C:/Users/Utkarsh Anand/Documents/Unreal Projects/SplitSecond/Content/Museum/Textures/T_Painting02.ubulk" 1152
"C:/Users/Utkarsh Anand/Documents/Unreal Projects/SplitSecond/Content/Museum/Textures/T_Painting02.uasset" 1153
"C:/Users/Utkarsh Anand/Documents/Unreal Projects/SplitSecond/Content/Museum/Textures/T_Painting02.uexp" 1154
"C:/Users/Utkarsh Anand/Documents/Unreal Projects/SplitSecond/Content/Museum/Materials/MI_Painting12.uasset" 1155
"C:/Users/Utkarsh Anand/Documents/Unreal Projects/SplitSecond/Content/Museum/Materials/MI_Painting12.uexp" 1156
"C:/Users/Utkarsh Anand/Documents/Unreal Projects/SplitSecond/Content/Museum/Textures/T_Painting03.ubulk" 1157
"C:/Users/Utkarsh Anand/Documents/Unreal Projects/SplitSecond/Content/Museum/Textures/T_Painting03.uasset" 1158
"C:/Users/Utkarsh Anand/Documents/Unreal Projects/SplitSecond/Content/Museum/Textures/T_Painting03.uexp" 1159
"C:/Users/Utkarsh Anand/Documents/Unreal Projects/SplitSecond/Content/Museum/Materials/MI_Painting13.uasset" 1160
"C:/Users/Utkarsh Anand/Documents/Unreal Projects/SplitSecond/Content/Museum/Materials/MI_Painting13.uexp" 1161
"C:/Users/Utkarsh Anand/Documents/Unreal Projects/SplitSecond/Content/Museum/Textures/T_Painting04.ubulk" 1162
"C:/Users/Utkarsh Anand/Documents/Unreal Projects/SplitSecond/Content/Museum/Textures/T_Painting04.uasset" 1163
"C:/Users/Utkarsh Anand/Documents/Unreal Projects/SplitSecond/Content/Museum/Textures/T_Painting04.uexp" 1164
"C:/Users/Utkarsh Anand/Documents/Unreal Projects/SplitSecond/Content/Museum/Materials/MI_Painting14.uasset" 1165
"C:/Users/Utkarsh Anand/Documents/Unreal Projects/SplitSecond/Content/Museum/Materials/MI_Painting14.uexp" 1166
"C:/Users/Utkarsh Anand/Documents/Unreal Projects/SplitSecond/Content/Museum/Textures/T_Painting05.ubulk" 1167
"C:/Users/Utkarsh Anand/Documents/Unreal Projects/SplitSecond/Content/Museum/Textures/T_Painting05.uasset" 1168
"C:/Users/Utkarsh Anand/Documents/Unreal Projects/SplitSecond/Content/Museum/Textures/T_Painting05.uexp" 1169
"C:/Users/Utkarsh Anand/Documents/Unreal Projects/SplitSecond/Content/Museum/Materials/MI_Painting15.uasset" 1170
"C:/Users/Utkarsh Anand/Documents/Unreal Projects/SplitSecond/Content/Museum/Materials/MI_Painting15.uexp" 1171
"C:/Users/Utkarsh Anand/Documents/Unreal Projects/SplitSecond/Content/Museum/Textures/T_Painting06.ubulk" 1172
"C:/Users/Utkarsh Anand/Documents/Unreal Projects/SplitSecond/Content/Museum/Textures/T_Painting06.uasset" 1173
"C:/Users/Utkarsh Anand/Documents/Unreal Projects/SplitSecond/Content/Museum/Textures/T_Painting06.uexp" 1174
"C:/Users/Utkarsh Anand/Documents/Unreal Projects/SplitSecond/Content/Museum/Materials/MI_Painting16.uasset" 1175
"C:/Users/Utkarsh Anand/Documents/Unreal Projects/SplitSecond/Content/Museum/Materials/MI_Painting16.uexp" 1176
"C:/Users/Utkarsh Anand/Documents/Unreal Projects/SplitSecond/Content/Museum/Textures/T_Painting07.ubulk" 1177
"C:/Users/Utkarsh Anand/Documents/Unreal Projects/SplitSecond/Content/Museum/Textures/T_Painting07.uasset" 1178
"C:/Users/Utkarsh Anand/Documents/Unreal Projects/SplitSecond/Content/Museum/Textures/T_Painting07.uexp" 1179
"C:/Users/Utkarsh Anand/Documents/Unreal Projects/SplitSecond/Content/Museum/Materials/MI_Painting17.uasset" 1180
"C:/Users/Utkarsh Anand/Documents/Unreal Projects/SplitSecond/Content/Museum/Materials/MI_Painting17.uexp" 1181
"C:/Users/Utkarsh Anand/Documents/Unreal Projects/SplitSecond/Content/Museum/Textures/T_Painting08.ubulk" 1182
"C:/Users/Utkarsh Anand/Documents/Unreal Projects/SplitSecond/Content/Museum/Textures/T_Painting08.uasset" 1183
"C:/Users/Utkarsh Anand/Documents/Unreal Projects/SplitSecond/Content/Museum/Textures/T_Painting08.uexp" 1184
"C:/Users/Utkarsh Anand/Documents/Unreal Projects/SplitSecond/Content/Museum/Materials/MI_Painting18.uasset" 1185
"C:/Users/Utkarsh Anand/Documents/Unreal Projects/SplitSecond/Content/Museum/Materials/MI_Painting18.uexp" 1186
"C:/Users/Utkarsh Anand/Documents/Unreal Projects/SplitSecond/Content/Museum/Textures/T_Painting09.ubulk" 1187
"C:/Users/Utkarsh Anand/Documents/Unreal Projects/SplitSecond/Content/Museum/Textures/T_Painting09.uasset" 1188
"C:/Users/Utkarsh Anand/Documents/Unreal Projects/SplitSecond/Content/Museum/Textures/T_Painting09.uexp" 1189
"C:/Users/Utkarsh Anand/Documents/Unreal Projects/SplitSecond/Content/Museum/Materials/MI_Painting19.uasset" 1190
"C:/Users/Utkarsh Anand/Documents/Unreal Projects/SplitSecond/Content/Museum/Materials/MI_Painting19.uexp" 1191
"C:/Users/Utkarsh Anand/Documents/Unreal Projects/SplitSecond/Content/Museum/Textures/T_Painting11.ubulk" 1192
"C:/Users/Utkarsh Anand/Documents/Unreal Projects/SplitSecond/Content/Museum/Textures/T_Painting11.uasset" 1193
"C:/Users/Utkarsh Anand/Documents/Unreal Projects/SplitSecond/Content/Museum/Textures/T_Painting11.uexp" 1194
"C:/Users/Utkarsh Anand/Documents/Unreal Projects/SplitSecond/Content/Museum/Materials/MI_Painting21.uasset" 1195
"C:/Users/Utkarsh Anand/Documents/Unreal Projects/SplitSecond/Content/Museum/Materials/MI_Painting21.uexp" 1196
"C:/Users/Utkarsh Anand/Documents/Unreal Projects/SplitSecond/Content/Museum/Textures/T_Painting13.ubulk" 1197
"C:/Users/Utkarsh Anand/Documents/Unreal Projects/SplitSecond/Content/Museum/Textures/T_Painting13.uasset" 1198
"C:/Users/Utkarsh Anand/Documents/Unreal Projects/SplitSecond/Content/Museum/Textures/T_Painting13.uexp" 1199
"C:/Users/Utkarsh Anand/Documents/Unreal Projects/SplitSecond/Content/Museum/Materials/MI_Painting23.uasset" 1200
"C:/Users/Utkarsh Anand/Documents/Unreal Projects/SplitSecond/Content/Museum/Materials/MI_Painting23.uexp" 1201
"C:/Users/Utkarsh Anand/Documents/Unreal Projects/SplitSecond/Content/Museum/Textures/T_Painting14.ubulk" 1202
"C:/Users/Utkarsh Anand/Documents/Unreal Projects/SplitSecond/Content/Museum/Textures/T_Painting14.uasset" 1203
"C:/Users/Utkarsh Anand/Documents/Unreal Projects/SplitSecond/Content/Museum/Textures/T_Painting14.uexp" 1204
"C:/Users/Utkarsh Anand/Documents/Unreal Projects/SplitSecond/Content/Museum/Materials/MI_Painting24.uasset" 1205
"C:/Users/Utkarsh Anand/Documents/Unreal Projects/SplitSecond/Content/Museum/Materials/MI_Painting24.uexp" 1206
"C:/Users/Utkarsh Anand/Documents/Unreal Projects/SplitSecond/Content/Museum/Textures/T_Painting15.ubulk" 1207
"C:/Users/Utkarsh Anand/Documents/Unreal Projects/SplitSecond/Content/Museum/Textures/T_Painting15.uasset" 1208
"C:/Users/Utkarsh Anand/Documents/Unreal Projects/SplitSecond/Content/Museum/Textures/T_Painting15.uexp" 1209
"C:/Users/Utkarsh Anand/Documents/Unreal Projects/SplitSecond/Content/Museum/Materials/MI_Painting25.uasset" 1210
"C:/Users/Utkarsh Anand/Documents/Unreal Projects/SplitSecond/Content/Museum/Materials/MI_Painting25.uexp" 1211
"C:/Users/Utkarsh Anand/Documents/Unreal Projects/SplitSecond/Content/Museum/Textures/T_Painting16.ubulk" 1212
"C:/Users/Utkarsh Anand/Documents/Unreal Projects/SplitSecond/Content/Museum/Textures/T_Painting16.uasset" 1213
"C:/Users/Utkarsh Anand/Documents/Unreal Projects/SplitSecond/Content/Museum/Textures/T_Painting16.uexp" 1214
"C:/Users/Utkarsh Anand/Documents/Unreal Projects/SplitSecond/Content/Museum/Materials/MI_Painting26.uasset" 1215
"C:/Users/Utkarsh Anand/Documents/Unreal Projects/SplitSecond/Content/Museum/Materials/MI_Painting26.uexp" 1216
"C:/Users/Utkarsh Anand/Documents/Unreal Projects/SplitSecond/Content/Museum/Textures/T_Painting17.ubulk" 1217
"C:/Users/Utkarsh Anand/Documents/Unreal Projects/SplitSecond/Content/Museum/Textures/T_Painting17.uasset" 1218
"C:/Users/Utkarsh Anand/Documents/Unreal Projects/SplitSecond/Content/Museum/Textures/T_Painting17.uexp" 1219
"C:/Users/Utkarsh Anand/Documents/Unreal Projects/SplitSecond/Content/Museum/Materials/MI_Painting27.uasset" 1220
"C:/Users/Utkarsh Anand/Documents/Unreal Projects/SplitSecond/Content/Museum/Materials/MI_Painting27.uexp" 1221
"C:/Users/Utkarsh Anand/Documents/Unreal Projects/SplitSecond/Content/Museum/Textures/T_Painting18.ubulk" 1222
"C:/Users/Utkarsh Anand/Documents/Unreal Projects/SplitSecond/Content/Museum/Textures/T_Painting18.uasset" 1223
"C:/Users/Utkarsh Anand/Documents/Unreal Projects/SplitSecond/Content/Museum/Textures/T_Painting18.uexp" 1224
"C:/Users/Utkarsh Anand/Documents/Unreal Projects/SplitSecond/Content/Museum/Materials/MI_Painting28.uasset" 1225
"C:/Users/Utkarsh Anand/Documents/Unreal Projects/SplitSecond/Content/Museum/Materials/MI_Painting28.uexp" 1226
"C:/Users/Utkarsh Anand/Documents/Unreal Projects/SplitSecond/Content/Museum/Textures/T_Painting19.ubulk" 1227
"C:/Users/Utkarsh Anand/Documents/Unreal Projects/SplitSecond/Content/Museum/Textures/T_Painting19.uasset" 1228
"C:/Users/Utkarsh Anand/Documents/Unreal Projects/SplitSecond/Content/Museum/Textures/T_Painting19.uexp" 1229
"C:/Users/Utkarsh Anand/Documents/Unreal Projects/SplitSecond/Content/Museum/Materials/MI_Painting29.uasset" 1230
"C:/Users/Utkarsh Anand/Documents/Unreal Projects/SplitSecond/Content/Museum/Materials/MI_Painting29.uexp" 1231
"C:/Users/Utkarsh Anand/Documents/Unreal Projects/SplitSecond/Content/Museum/Textures/T_Painting23.ubulk" 1232
"C:/Users/Utkarsh Anand/Documents/Unreal Projects/SplitSecond/Content/Museum/Textures/T_Painting23.uasset" 1233
"C:/Users/Utkarsh Anand/Documents/Unreal Projects/SplitSecond/Content/Museum/Textures/T_Painting23.uexp" 1234
"C:/Users/Utkarsh Anand/Documents/Unreal Projects/SplitSecond/Content/Museum/Materials/MI_Painting31.uasset" 1235
"C:/Users/Utkarsh Anand/Documents/Unreal Projects/SplitSecond/Content/Museum/Materials/MI_Painting31.uexp" 1236
"C:/Users/Utkarsh Anand/Documents/Unreal Projects/SplitSecond/Content/Museum/Textures/T_Staircase01_BC.ubulk" 1237
"C:/Users/Utkarsh Anand/Documents/Unreal Projects/SplitSecond/Content/Museum/Textures/T_Staircase01_BC.uasset" 1238
"C:/Users/Utkarsh Anand/Documents/Unreal Projects/SplitSecond/Content/Museum/Textures/T_Staircase01_BC.uexp" 1239
"C:/Users/Utkarsh Anand/Documents/Unreal Projects/SplitSecond/Content/Museum/Textures/T_Staircase01_N.ubulk" 1240
"C:/Users/Utkarsh Anand/Documents/Unreal Projects/SplitSecond/Content/Museum/Textures/T_Staircase01_N.uasset" 1241
"C:/Users/Utkarsh Anand/Documents/Unreal Projects/SplitSecond/Content/Museum/Textures/T_Staircase01_N.uexp" 1242
"C:/Users/Utkarsh Anand/Documents/Unreal Projects/SplitSecond/Content/Museum/Textures/T_Staircase01_ORM.ubulk" 1243
"C:/Users/Utkarsh Anand/Documents/Unreal Projects/SplitSecond/Content/Museum/Textures/T_Staircase01_ORM.uasset" 1244
"C:/Users/Utkarsh Anand/Documents/Unreal Projects/SplitSecond/Content/Museum/Textures/T_Staircase01_ORM.uexp" 1245
"C:/Users/Utkarsh Anand/Documents/Unreal Projects/SplitSecond/Content/Museum/Materials/MI_Staircase05.uasset" 1246
"C:/Users/Utkarsh Anand/Documents/Unreal Projects/SplitSecond/Content/Museum/Materials/MI_Staircase05.uexp" 1247
"C:/Users/Utkarsh Anand/Documents/Unreal Projects/SplitSecond/Content/Museum/Textures/T_Staircase02_BC.ubulk" 1248
"C:/Users/Utkarsh Anand/Documents/Unreal Projects/SplitSecond/Content/Museum/Textures/T_Staircase02_BC.uasset" 1249
"C:/Users/Utkarsh Anand/Documents/Unreal Projects/SplitSecond/Content/Museum/Textures/T_Staircase02_BC.uexp" 1250
"C:/Users/Utkarsh Anand/Documents/Unreal Projects/SplitSecond/Content/Museum/Textures/T_Staircase02_N.ubulk" 1251
"C:/Users/Utkarsh Anand/Documents/Unreal Projects/SplitSecond/Content/Museum/Textures/T_Staircase02_N.uasset" 1252
"C:/Users/Utkarsh Anand/Documents/Unreal Projects/SplitSecond/Content/Museum/Textures/T_Staircase02_N.uexp" 1253
"C:/Users/Utkarsh Anand/Documents/Unreal Projects/SplitSecond/Content/Museum/Textures/T_Staircase02_ORM.ubulk" 1254
"C:/Users/Utkarsh Anand/Documents/Unreal Projects/SplitSecond/Content/Museum/Textures/T_Staircase02_ORM.uasset" 1255
"C:/Users/Utkarsh Anand/Documents/Unreal Projects/SplitSecond/Content/Museum/Textures/T_Staircase02_ORM.uexp" 1256
"C:/Users/Utkarsh Anand/Documents/Unreal Projects/SplitSecond/Content/Museum/Materials/MI_Staircase06.uasset" 1257
"C:/Users/Utkarsh Anand/Documents/Unreal Projects/SplitSecond/Content/Museum/Materials/MI_Staircase06.uexp" 1258
"C:/Users/Utkarsh Anand/Documents/Unreal Projects/SplitSecond/Content/Museum/Textures/T_Stucco01_BC.ubulk" 1259
"C:/Users/Utkarsh Anand/Documents/Unreal Projects/SplitSecond/Content/Museum/Textures/T_Stucco01_BC.uasset" 1260
"C:/Users/Utkarsh Anand/Documents/Unreal Projects/SplitSecond/Content/Museum/Textures/T_Stucco01_BC.uexp" 1261
"C:/Users/Utkarsh Anand/Documents/Unreal Projects/SplitSecond/Content/Museum/Textures/T_Stucco01_N.ubulk" 1262
"C:/Users/Utkarsh Anand/Documents/Unreal Projects/SplitSecond/Content/Museum/Textures/T_Stucco01_N.uasset" 1263
"C:/Users/Utkarsh Anand/Documents/Unreal Projects/SplitSecond/Content/Museum/Textures/T_Stucco01_N.uexp" 1264
"C:/Users/Utkarsh Anand/Documents/Unreal Projects/SplitSecond/Content/Museum/Materials/MI_Stucco01.uasset" 1265
"C:/Users/Utkarsh Anand/Documents/Unreal Projects/SplitSecond/Content/Museum/Materials/MI_Stucco01.uexp" 1266
"C:/Users/Utkarsh Anand/Documents/Unreal Projects/SplitSecond/Content/Museum/Textures/T_WallTrims01_BC.ubulk" 1267
"C:/Users/Utkarsh Anand/Documents/Unreal Projects/SplitSecond/Content/Museum/Textures/T_WallTrims01_BC.uasset" 1268
"C:/Users/Utkarsh Anand/Documents/Unreal Projects/SplitSecond/Content/Museum/Textures/T_WallTrims01_BC.uexp" 1269
"C:/Users/Utkarsh Anand/Documents/Unreal Projects/SplitSecond/Content/Museum/Textures/T_WallTrims01_N.ubulk" 1270
"C:/Users/Utkarsh Anand/Documents/Unreal Projects/SplitSecond/Content/Museum/Textures/T_WallTrims01_N.uasset" 1271
"C:/Users/Utkarsh Anand/Documents/Unreal Projects/SplitSecond/Content/Museum/Textures/T_WallTrims01_N.uexp" 1272
"C:/Users/Utkarsh Anand/Documents/Unreal Projects/SplitSecond/Content/Museum/Textures/T_WallTrims01_ORM.ubulk" 1273
"C:/Users/Utkarsh Anand/Documents/Unreal Projects/SplitSecond/Content/Museum/Textures/T_WallTrims01_ORM.uasset" 1274
"C:/Users/Utkarsh Anand/Documents/Unreal Projects/SplitSecond/Content/Museum/Textures/T_WallTrims01_ORM.uexp" 1275
"C:/Users/Utkarsh Anand/Documents/Unreal Projects/SplitSecond/Content/Museum/Materials/MI_WallTrims01Color01.uasset" 1276
"C:/Users/Utkarsh Anand/Documents/Unreal Projects/SplitSecond/Content/Museum/Materials/MI_WallTrims01Color01.uexp" 1277
"C:/Users/Utkarsh Anand/Documents/Unreal Projects/SplitSecond/Content/Museum/Textures/T_WoodFloor01_BC.ubulk" 1278
"C:/Users/Utkarsh Anand/Documents/Unreal Projects/SplitSecond/Content/Museum/Textures/T_WoodFloor01_BC.uasset" 1279
"C:/Users/Utkarsh Anand/Documents/Unreal Projects/SplitSecond/Content/Museum/Textures/T_WoodFloor01_BC.uexp" 1280
"C:/Users/Utkarsh Anand/Documents/Unreal Projects/SplitSecond/Content/Museum/Textures/T_WoodFloor01_N.ubulk" 1281
"C:/Users/Utkarsh Anand/Documents/Unreal Projects/SplitSecond/Content/Museum/Textures/T_WoodFloor01_N.uasset" 1282
"C:/Users/Utkarsh Anand/Documents/Unreal Projects/SplitSecond/Content/Museum/Textures/T_WoodFloor01_N.uexp" 1283
"C:/Users/Utkarsh Anand/Documents/Unreal Projects/SplitSecond/Content/Museum/Textures/T_WoodFloor01_ORM.ubulk" 1284
"C:/Users/Utkarsh Anand/Documents/Unreal Projects/SplitSecond/Content/Museum/Textures/T_WoodFloor01_ORM.uasset" 1285
"C:/Users/Utkarsh Anand/Documents/Unreal Projects/SplitSecond/Content/Museum/Textures/T_WoodFloor01_ORM.uexp" 1286
"C:/Users/Utkarsh Anand/Documents/Unreal Projects/SplitSecond/Content/Museum/Materials/MI_WoodFloor01.uasset" 1287
"C:/Users/Utkarsh Anand/Documents/Unreal Projects/SplitSecond/Content/Museum/Materials/MI_WoodFloor01.uexp" 1288
"C:/Users/Utkarsh Anand/Documents/Unreal Projects/SplitSecond/Content/Museum/Sequences/Flythrough.uasset" 1289
"C:/Users/Utkarsh Anand/Documents/Unreal Projects/SplitSecond/Content/Museum/Sequences/Flythrough.uexp" 1290
"C:/Users/Utkarsh Anand/Documents/Unreal Projects/SplitSecond/Content/Museum/Textures/T_Banner01_BC.ubulk" 1291
"C:/Users/Utkarsh Anand/Documents/Unreal Projects/SplitSecond/Content/Museum/Textures/T_Banner01_BC.uasset" 1292
"C:/Users/Utkarsh Anand/Documents/Unreal Projects/SplitSecond/Content/Museum/Textures/T_Banner01_BC.uexp" 1293
"C:/Users/Utkarsh Anand/Documents/Unreal Projects/SplitSecond/Content/Museum/Textures/T_Banner01_N.ubulk" 1294
"C:/Users/Utkarsh Anand/Documents/Unreal Projects/SplitSecond/Content/Museum/Textures/T_Banner01_N.uasset" 1295
"C:/Users/Utkarsh Anand/Documents/Unreal Projects/SplitSecond/Content/Museum/Textures/T_Banner01_N.uexp" 1296
"C:/Users/Utkarsh Anand/Documents/Unreal Projects/SplitSecond/Content/Museum/Textures/T_Banner01_ORM.ubulk" 1297
"C:/Users/Utkarsh Anand/Documents/Unreal Projects/SplitSecond/Content/Museum/Textures/T_Banner01_ORM.uasset" 1298
"C:/Users/Utkarsh Anand/Documents/Unreal Projects/SplitSecond/Content/Museum/Textures/T_Banner01_ORM.uexp" 1299
"C:/Users/Utkarsh Anand/Documents/Unreal Projects/SplitSecond/Content/Museum/Materials/MI_Banner01.uasset" 1300
"C:/Users/Utkarsh Anand/Documents/Unreal Projects/SplitSecond/Content/Museum/Materials/MI_Banner01.uexp" 1301
"C:/Users/Utkarsh Anand/Documents/Unreal Projects/SplitSecond/Content/Museum/Meshes/SM_Banner01.ubulk" 1302
"C:/Users/Utkarsh Anand/Documents/Unreal Projects/SplitSecond/Content/Museum/Meshes/SM_Banner01.uasset" 1303
"C:/Users/Utkarsh Anand/Documents/Unreal Projects/SplitSecond/Content/Museum/Meshes/SM_Banner01.uexp" 1304
"C:/Users/Utkarsh Anand/Documents/Unreal Projects/SplitSecond/Content/Museum/Meshes/SM_Banner02.ubulk" 1305
"C:/Users/Utkarsh Anand/Documents/Unreal Projects/SplitSecond/Content/Museum/Meshes/SM_Banner02.uasset" 1306
"C:/Users/Utkarsh Anand/Documents/Unreal Projects/SplitSecond/Content/Museum/Meshes/SM_Banner02.uexp" 1307
"C:/Users/Utkarsh Anand/Documents/Unreal Projects/SplitSecond/Content/Museum/Textures/T_ModularCeiling01_BC.ubulk" 1308
"C:/Users/Utkarsh Anand/Documents/Unreal Projects/SplitSecond/Content/Museum/Textures/T_ModularCeiling01_BC.uasset" 1309
"C:/Users/Utkarsh Anand/Documents/Unreal Projects/SplitSecond/Content/Museum/Textures/T_ModularCeiling01_BC.uexp" 1310
"C:/Users/Utkarsh Anand/Documents/Unreal Projects/SplitSecond/Content/Museum/Textures/T_ModularCeiling01_E.ubulk" 1311
"C:/Users/Utkarsh Anand/Documents/Unreal Projects/SplitSecond/Content/Museum/Textures/T_ModularCeiling01_E.uasset" 1312
"C:/Users/Utkarsh Anand/Documents/Unreal Projects/SplitSecond/Content/Museum/Textures/T_ModularCeiling01_E.uexp" 1313
"C:/Users/Utkarsh Anand/Documents/Unreal Projects/SplitSecond/Content/Museum/Textures/T_ModularCeiling01_N.ubulk" 1314
"C:/Users/Utkarsh Anand/Documents/Unreal Projects/SplitSecond/Content/Museum/Textures/T_ModularCeiling01_N.uasset" 1315
"C:/Users/Utkarsh Anand/Documents/Unreal Projects/SplitSecond/Content/Museum/Textures/T_ModularCeiling01_N.uexp" 1316
"C:/Users/Utkarsh Anand/Documents/Unreal Projects/SplitSecond/Content/Museum/Textures/T_ModularCeiling01_ORM.ubulk" 1317
"C:/Users/Utkarsh Anand/Documents/Unreal Projects/SplitSecond/Content/Museum/Textures/T_ModularCeiling01_ORM.uasset" 1318
"C:/Users/Utkarsh Anand/Documents/Unreal Projects/SplitSecond/Content/Museum/Textures/T_ModularCeiling01_ORM.uexp" 1319
"C:/Users/Utkarsh Anand/Documents/Unreal Projects/SplitSecond/Content/Museum/Materials/MI_ModularCeiling.uasset" 1320
"C:/Users/Utkarsh Anand/Documents/Unreal Projects/SplitSecond/Content/Museum/Materials/MI_ModularCeiling.uexp" 1321
"C:/Users/Utkarsh Anand/Documents/Unreal Projects/SplitSecond/Content/Museum/Meshes/SM_BannerSupport.ubulk" 1322
"C:/Users/Utkarsh Anand/Documents/Unreal Projects/SplitSecond/Content/Museum/Meshes/SM_BannerSupport.uasset" 1323
"C:/Users/Utkarsh Anand/Documents/Unreal Projects/SplitSecond/Content/Museum/Meshes/SM_BannerSupport.uexp" 1324
"C:/Users/Utkarsh Anand/Documents/Unreal Projects/SplitSecond/Content/Museum/Textures/T_Bench_BC.ubulk" 1325
"C:/Users/Utkarsh Anand/Documents/Unreal Projects/SplitSecond/Content/Museum/Textures/T_Bench_BC.uasset" 1326
"C:/Users/Utkarsh Anand/Documents/Unreal Projects/SplitSecond/Content/Museum/Textures/T_Bench_BC.uexp" 1327
"C:/Users/Utkarsh Anand/Documents/Unreal Projects/SplitSecond/Content/Museum/Textures/T_Bench_N.ubulk" 1328
"C:/Users/Utkarsh Anand/Documents/Unreal Projects/SplitSecond/Content/Museum/Textures/T_Bench_N.uasset" 1329
"C:/Users/Utkarsh Anand/Documents/Unreal Projects/SplitSecond/Content/Museum/Textures/T_Bench_N.uexp" 1330
"C:/Users/Utkarsh Anand/Documents/Unreal Projects/SplitSecond/Content/Museum/Textures/T_Bench_ORM.ubulk" 1331
"C:/Users/Utkarsh Anand/Documents/Unreal Projects/SplitSecond/Content/Museum/Textures/T_Bench_ORM.uasset" 1332
"C:/Users/Utkarsh Anand/Documents/Unreal Projects/SplitSecond/Content/Museum/Textures/T_Bench_ORM.uexp" 1333
"C:/Users/Utkarsh Anand/Documents/Unreal Projects/SplitSecond/Content/Museum/Materials/MI_Bench.uasset" 1334
"C:/Users/Utkarsh Anand/Documents/Unreal Projects/SplitSecond/Content/Museum/Materials/MI_Bench.uexp" 1335
"C:/Users/Utkarsh Anand/Documents/Unreal Projects/SplitSecond/Content/Museum/Meshes/SM_Bench.ubulk" 1336
"C:/Users/Utkarsh Anand/Documents/Unreal Projects/SplitSecond/Content/Museum/Meshes/SM_Bench.uasset" 1337
"C:/Users/Utkarsh Anand/Documents/Unreal Projects/SplitSecond/Content/Museum/Meshes/SM_Bench.uexp" 1338
"C:/Users/Utkarsh Anand/Documents/Unreal Projects/SplitSecond/Content/Museum/Textures/T_COFR_BC.ubulk" 1339
"C:/Users/Utkarsh Anand/Documents/Unreal Projects/SplitSecond/Content/Museum/Textures/T_COFR_BC.uasset" 1340
"C:/Users/Utkarsh Anand/Documents/Unreal Projects/SplitSecond/Content/Museum/Textures/T_COFR_BC.uexp" 1341
"C:/Users/Utkarsh Anand/Documents/Unreal Projects/SplitSecond/Content/Museum/Textures/T_COFR_N.ubulk" 1342
"C:/Users/Utkarsh Anand/Documents/Unreal Projects/SplitSecond/Content/Museum/Textures/T_COFR_N.uasset" 1343
"C:/Users/Utkarsh Anand/Documents/Unreal Projects/SplitSecond/Content/Museum/Textures/T_COFR_N.uexp" 1344
"C:/Users/Utkarsh Anand/Documents/Unreal Projects/SplitSecond/Content/Museum/Textures/T_COFR_ORM.ubulk" 1345
"C:/Users/Utkarsh Anand/Documents/Unreal Projects/SplitSecond/Content/Museum/Textures/T_COFR_ORM.uasset" 1346
"C:/Users/Utkarsh Anand/Documents/Unreal Projects/SplitSecond/Content/Museum/Textures/T_COFR_ORM.uexp" 1347
"C:/Users/Utkarsh Anand/Documents/Unreal Projects/SplitSecond/Content/Museum/Materials/MI_Cofr.uasset" 1348
"C:/Users/Utkarsh Anand/Documents/Unreal Projects/SplitSecond/Content/Museum/Materials/MI_Cofr.uexp" 1349
"C:/Users/Utkarsh Anand/Documents/Unreal Projects/SplitSecond/Content/Museum/Meshes/SM_BlackBox01.ubulk" 1350
"C:/Users/Utkarsh Anand/Documents/Unreal Projects/SplitSecond/Content/Museum/Meshes/SM_BlackBox01.uasset" 1351
"C:/Users/Utkarsh Anand/Documents/Unreal Projects/SplitSecond/Content/Museum/Meshes/SM_BlackBox01.uexp" 1352
"C:/Users/Utkarsh Anand/Documents/Unreal Projects/SplitSecond/Content/Museum/Meshes/SM_BlackBox02.ubulk" 1353
"C:/Users/Utkarsh Anand/Documents/Unreal Projects/SplitSecond/Content/Museum/Meshes/SM_BlackBox02.uasset" 1354
"C:/Users/Utkarsh Anand/Documents/Unreal Projects/SplitSecond/Content/Museum/Meshes/SM_BlackBox02.uexp" 1355
"C:/Users/Utkarsh Anand/Documents/Unreal Projects/SplitSecond/Content/Museum/Textures/T_CeilingGlass_BC.ubulk" 1356
"C:/Users/Utkarsh Anand/Documents/Unreal Projects/SplitSecond/Content/Museum/Textures/T_CeilingGlass_BC.uasset" 1357
"C:/Users/Utkarsh Anand/Documents/Unreal Projects/SplitSecond/Content/Museum/Textures/T_CeilingGlass_BC.uexp" 1358
"C:/Users/Utkarsh Anand/Documents/Unreal Projects/SplitSecond/Content/Museum/Textures/T_CeilingGlass_E.ubulk" 1359
"C:/Users/Utkarsh Anand/Documents/Unreal Projects/SplitSecond/Content/Museum/Textures/T_CeilingGlass_E.uasset" 1360
"C:/Users/Utkarsh Anand/Documents/Unreal Projects/SplitSecond/Content/Museum/Textures/T_CeilingGlass_E.uexp" 1361
"C:/Users/Utkarsh Anand/Documents/Unreal Projects/SplitSecond/Content/Museum/Textures/T_CeilingGlass_N.ubulk" 1362
"C:/Users/Utkarsh Anand/Documents/Unreal Projects/SplitSecond/Content/Museum/Textures/T_CeilingGlass_N.uasset" 1363
"C:/Users/Utkarsh Anand/Documents/Unreal Projects/SplitSecond/Content/Museum/Textures/T_CeilingGlass_N.uexp" 1364
"C:/Users/Utkarsh Anand/Documents/Unreal Projects/SplitSecond/Content/Museum/Textures/T_CeilingGlass_ORM.ubulk" 1365
"C:/Users/Utkarsh Anand/Documents/Unreal Projects/SplitSecond/Content/Museum/Textures/T_CeilingGlass_ORM.uasset" 1366
"C:/Users/Utkarsh Anand/Documents/Unreal Projects/SplitSecond/Content/Museum/Textures/T_CeilingGlass_ORM.uexp" 1367
"C:/Users/Utkarsh Anand/Documents/Unreal Projects/SplitSecond/Content/Museum/Materials/MI_CeilingGlass01.uasset" 1368
"C:/Users/Utkarsh Anand/Documents/Unreal Projects/SplitSecond/Content/Museum/Materials/MI_CeilingGlass01.uexp" 1369
"C:/Users/Utkarsh Anand/Documents/Unreal Projects/SplitSecond/Content/Museum/Materials/MI_WallTrims01.uasset" 1370
"C:/Users/Utkarsh Anand/Documents/Unreal Projects/SplitSecond/Content/Museum/Materials/MI_WallTrims01.uexp" 1371
"C:/Users/Utkarsh Anand/Documents/Unreal Projects/SplitSecond/Content/Museum/Textures/T_WallTrims02_BC.ubulk" 1372
"C:/Users/Utkarsh Anand/Documents/Unreal Projects/SplitSecond/Content/Museum/Textures/T_WallTrims02_BC.uasset" 1373
"C:/Users/Utkarsh Anand/Documents/Unreal Projects/SplitSecond/Content/Museum/Textures/T_WallTrims02_BC.uexp" 1374
"C:/Users/Utkarsh Anand/Documents/Unreal Projects/SplitSecond/Content/Museum/Textures/T_WallTrims02_N.ubulk" 1375
"C:/Users/Utkarsh Anand/Documents/Unreal Projects/SplitSecond/Content/Museum/Textures/T_WallTrims02_N.uasset" 1376
"C:/Users/Utkarsh Anand/Documents/Unreal Projects/SplitSecond/Content/Museum/Textures/T_WallTrims02_N.uexp" 1377
"C:/Users/Utkarsh Anand/Documents/Unreal Projects/SplitSecond/Content/Museum/Textures/T_WallTrims02_ORM.ubulk" 1378
"C:/Users/Utkarsh Anand/Documents/Unreal Projects/SplitSecond/Content/Museum/Textures/T_WallTrims02_ORM.uasset" 1379
"C:/Users/Utkarsh Anand/Documents/Unreal Projects/SplitSecond/Content/Museum/Textures/T_WallTrims02_ORM.uexp" 1380
"C:/Users/Utkarsh Anand/Documents/Unreal Projects/SplitSecond/Content/Museum/Materials/MI_WallTrims02.uasset" 1381
"C:/Users/Utkarsh Anand/Documents/Unreal Projects/SplitSecond/Content/Museum/Materials/MI_WallTrims02.uexp" 1382
"C:/Users/Utkarsh Anand/Documents/Unreal Projects/SplitSecond/Content/Museum/Meshes/SM_Ceiling01.ubulk" 1383
"C:/Users/Utkarsh Anand/Documents/Unreal Projects/SplitSecond/Content/Museum/Meshes/SM_Ceiling01.uasset" 1384
"C:/Users/Utkarsh Anand/Documents/Unreal Projects/SplitSecond/Content/Museum/Meshes/SM_Ceiling01.uexp" 1385
"C:/Users/Utkarsh Anand/Documents/Unreal Projects/SplitSecond/Content/Museum/Meshes/SM_Ceiling02.ubulk" 1386
"C:/Users/Utkarsh Anand/Documents/Unreal Projects/SplitSecond/Content/Museum/Meshes/SM_Ceiling02.uasset" 1387
"C:/Users/Utkarsh Anand/Documents/Unreal Projects/SplitSecond/Content/Museum/Meshes/SM_Ceiling02.uexp" 1388
"C:/Users/Utkarsh Anand/Documents/Unreal Projects/SplitSecond/Content/Museum/Meshes/SM_CeilingArc02.ubulk" 1389
"C:/Users/Utkarsh Anand/Documents/Unreal Projects/SplitSecond/Content/Museum/Meshes/SM_CeilingArc02.uasset" 1390
"C:/Users/Utkarsh Anand/Documents/Unreal Projects/SplitSecond/Content/Museum/Meshes/SM_CeilingArc02.uexp" 1391
"C:/Users/Utkarsh Anand/Documents/Unreal Projects/SplitSecond/Content/Museum/Textures/T_DetailedCeiling01_BC.ubulk" 1392
"C:/Users/Utkarsh Anand/Documents/Unreal Projects/SplitSecond/Content/Museum/Textures/T_DetailedCeiling01_BC.uasset" 1393
"C:/Users/Utkarsh Anand/Documents/Unreal Projects/SplitSecond/Content/Museum/Textures/T_DetailedCeiling01_BC.uexp" 1394
"C:/Users/Utkarsh Anand/Documents/Unreal Projects/SplitSecond/Content/Museum/Textures/T_DetailedCeiling01_N.ubulk" 1395
"C:/Users/Utkarsh Anand/Documents/Unreal Projects/SplitSecond/Content/Museum/Textures/T_DetailedCeiling01_N.uasset" 1396
"C:/Users/Utkarsh Anand/Documents/Unreal Projects/SplitSecond/Content/Museum/Textures/T_DetailedCeiling01_N.uexp" 1397
"C:/Users/Utkarsh Anand/Documents/Unreal Projects/SplitSecond/Content/Museum/Textures/T_DetailedCeiling01_ORM.ubulk" 1398
"C:/Users/Utkarsh Anand/Documents/Unreal Projects/SplitSecond/Content/Museum/Textures/T_DetailedCeiling01_ORM.uasset" 1399
"C:/Users/Utkarsh Anand/Documents/Unreal Projects/SplitSecond/Content/Museum/Textures/T_DetailedCeiling01_ORM.uexp" 1400
"C:/Users/Utkarsh Anand/Documents/Unreal Projects/SplitSecond/Content/Museum/Materials/MI_DetailedCeiling01.uasset" 1401
"C:/Users/Utkarsh Anand/Documents/Unreal Projects/SplitSecond/Content/Museum/Materials/MI_DetailedCeiling01.uexp" 1402
"C:/Users/Utkarsh Anand/Documents/Unreal Projects/SplitSecond/Content/Museum/Textures/T_DetailedCeiling03_BC.ubulk" 1403
"C:/Users/Utkarsh Anand/Documents/Unreal Projects/SplitSecond/Content/Museum/Textures/T_DetailedCeiling03_BC.uasset" 1404
"C:/Users/Utkarsh Anand/Documents/Unreal Projects/SplitSecond/Content/Museum/Textures/T_DetailedCeiling03_BC.uexp" 1405
"C:/Users/Utkarsh Anand/Documents/Unreal Projects/SplitSecond/Content/Museum/Textures/T_DetailedCeiling03_N.ubulk" 1406
"C:/Users/Utkarsh Anand/Documents/Unreal Projects/SplitSecond/Content/Museum/Textures/T_DetailedCeiling03_N.uasset" 1407
"C:/Users/Utkarsh Anand/Documents/Unreal Projects/SplitSecond/Content/Museum/Textures/T_DetailedCeiling03_N.uexp" 1408
"C:/Users/Utkarsh Anand/Documents/Unreal Projects/SplitSecond/Content/Museum/Textures/T_DetailedCeiling03_ORM.ubulk" 1409
"C:/Users/Utkarsh Anand/Documents/Unreal Projects/SplitSecond/Content/Museum/Textures/T_DetailedCeiling03_ORM.uasset" 1410
"C:/Users/Utkarsh Anand/Documents/Unreal Projects/SplitSecond/Content/Museum/Textures/T_DetailedCeiling03_ORM.uexp" 1411
"C:/Users/Utkarsh Anand/Documents/Unreal Projects/SplitSecond/Content/Museum/Materials/MI_DetailedCeiling03.uasset" 1412
"C:/Users/Utkarsh Anand/Documents/Unreal Projects/SplitSecond/Content/Museum/Materials/MI_DetailedCeiling03.uexp" 1413
"C:/Users/Utkarsh Anand/Documents/Unreal Projects/SplitSecond/Content/Museum/Meshes/SM_CeilingDetail01.ubulk" 1414
"C:/Users/Utkarsh Anand/Documents/Unreal Projects/SplitSecond/Content/Museum/Meshes/SM_CeilingDetail01.uasset" 1415
"C:/Users/Utkarsh Anand/Documents/Unreal Projects/SplitSecond/Content/Museum/Meshes/SM_CeilingDetail01.uexp" 1416
"C:/Users/Utkarsh Anand/Documents/Unreal Projects/SplitSecond/Content/Museum/Textures/T_DetailedCeiling04_BC.ubulk" 1417
"C:/Users/Utkarsh Anand/Documents/Unreal Projects/SplitSecond/Content/Museum/Textures/T_DetailedCeiling04_BC.uasset" 1418
"C:/Users/Utkarsh Anand/Documents/Unreal Projects/SplitSecond/Content/Museum/Textures/T_DetailedCeiling04_BC.uexp" 1419
"C:/Users/Utkarsh Anand/Documents/Unreal Projects/SplitSecond/Content/Museum/Textures/T_DetailedCeiling04_N.ubulk" 1420
"C:/Users/Utkarsh Anand/Documents/Unreal Projects/SplitSecond/Content/Museum/Textures/T_DetailedCeiling04_N.uasset" 1421
"C:/Users/Utkarsh Anand/Documents/Unreal Projects/SplitSecond/Content/Museum/Textures/T_DetailedCeiling04_N.uexp" 1422
"C:/Users/Utkarsh Anand/Documents/Unreal Projects/SplitSecond/Content/Museum/Textures/T_DetailedCeiling04_ORM.ubulk" 1423
"C:/Users/Utkarsh Anand/Documents/Unreal Projects/SplitSecond/Content/Museum/Textures/T_DetailedCeiling04_ORM.uasset" 1424
"C:/Users/Utkarsh Anand/Documents/Unreal Projects/SplitSecond/Content/Museum/Textures/T_DetailedCeiling04_ORM.uexp" 1425
"C:/Users/Utkarsh Anand/Documents/Unreal Projects/SplitSecond/Content/Museum/Materials/MI_DetailedCeiling04.uasset" 1426
"C:/Users/Utkarsh Anand/Documents/Unreal Projects/SplitSecond/Content/Museum/Materials/MI_DetailedCeiling04.uexp" 1427
"C:/Users/Utkarsh Anand/Documents/Unreal Projects/SplitSecond/Content/Museum/Meshes/SM_CeilingDetail02.ubulk" 1428
"C:/Users/Utkarsh Anand/Documents/Unreal Projects/SplitSecond/Content/Museum/Meshes/SM_CeilingDetail02.uasset" 1429
"C:/Users/Utkarsh Anand/Documents/Unreal Projects/SplitSecond/Content/Museum/Meshes/SM_CeilingDetail02.uexp" 1430
"C:/Users/Utkarsh Anand/Documents/Unreal Projects/SplitSecond/Content/Museum/Textures/T_DetailedCeiling02_BC.ubulk" 1431
"C:/Users/Utkarsh Anand/Documents/Unreal Projects/SplitSecond/Content/Museum/Textures/T_DetailedCeiling02_BC.uasset" 1432
"C:/Users/Utkarsh Anand/Documents/Unreal Projects/SplitSecond/Content/Museum/Textures/T_DetailedCeiling02_BC.uexp" 1433
"C:/Users/Utkarsh Anand/Documents/Unreal Projects/SplitSecond/Content/Museum/Textures/T_DetailedCeiling02_N.ubulk" 1434
"C:/Users/Utkarsh Anand/Documents/Unreal Projects/SplitSecond/Content/Museum/Textures/T_DetailedCeiling02_N.uasset" 1435
"C:/Users/Utkarsh Anand/Documents/Unreal Projects/SplitSecond/Content/Museum/Textures/T_DetailedCeiling02_N.uexp" 1436
"C:/Users/Utkarsh Anand/Documents/Unreal Projects/SplitSecond/Content/Museum/Textures/T_DetailedCeiling02_ORM.ubulk" 1437
"C:/Users/Utkarsh Anand/Documents/Unreal Projects/SplitSecond/Content/Museum/Textures/T_DetailedCeiling02_ORM.uasset" 1438
"C:/Users/Utkarsh Anand/Documents/Unreal Projects/SplitSecond/Content/Museum/Textures/T_DetailedCeiling02_ORM.uexp" 1439
"C:/Users/Utkarsh Anand/Documents/Unreal Projects/SplitSecond/Content/Museum/Materials/MI_DetailedCeiling02.uasset" 1440
"C:/Users/Utkarsh Anand/Documents/Unreal Projects/SplitSecond/Content/Museum/Materials/MI_DetailedCeiling02.uexp" 1441
"C:/Users/Utkarsh Anand/Documents/Unreal Projects/SplitSecond/Content/Museum/Meshes/SM_CeilingDetail03.ubulk" 1442
"C:/Users/Utkarsh Anand/Documents/Unreal Projects/SplitSecond/Content/Museum/Meshes/SM_CeilingDetail03.uasset" 1443
"C:/Users/Utkarsh Anand/Documents/Unreal Projects/SplitSecond/Content/Museum/Meshes/SM_CeilingDetail03.uexp" 1444
"C:/Users/Utkarsh Anand/Documents/Unreal Projects/SplitSecond/Content/Museum/Meshes/SM_CeilingDetail04.ubulk" 1445
"C:/Users/Utkarsh Anand/Documents/Unreal Projects/SplitSecond/Content/Museum/Meshes/SM_CeilingDetail04.uasset" 1446
"C:/Users/Utkarsh Anand/Documents/Unreal Projects/SplitSecond/Content/Museum/Meshes/SM_CeilingDetail04.uexp" 1447
"C:/Users/Utkarsh Anand/Documents/Unreal Projects/SplitSecond/Content/Museum/Meshes/SM_CeilingDetail06.ubulk" 1448
"C:/Users/Utkarsh Anand/Documents/Unreal Projects/SplitSecond/Content/Museum/Meshes/SM_CeilingDetail06.uasset" 1449
"C:/Users/Utkarsh Anand/Documents/Unreal Projects/SplitSecond/Content/Museum/Meshes/SM_CeilingDetail06.uexp" 1450
"C:/Users/Utkarsh Anand/Documents/Unreal Projects/SplitSecond/Content/Museum/Textures/T_StageProps01_BC.ubulk" 1451
"C:/Users/Utkarsh Anand/Documents/Unreal Projects/SplitSecond/Content/Museum/Textures/T_StageProps01_BC.uasset" 1452
"C:/Users/Utkarsh Anand/Documents/Unreal Projects/SplitSecond/Content/Museum/Textures/T_StageProps01_BC.uexp" 1453
"C:/Users/Utkarsh Anand/Documents/Unreal Projects/SplitSecond/Content/Museum/Textures/T_StageProps01_N.ubulk" 1454
"C:/Users/Utkarsh Anand/Documents/Unreal Projects/SplitSecond/Content/Museum/Textures/T_StageProps01_N.uasset" 1455
"C:/Users/Utkarsh Anand/Documents/Unreal Projects/SplitSecond/Content/Museum/Textures/T_StageProps01_N.uexp" 1456
"C:/Users/Utkarsh Anand/Documents/Unreal Projects/SplitSecond/Content/Museum/Textures/T_StageProps01_ORM.ubulk" 1457
"C:/Users/Utkarsh Anand/Documents/Unreal Projects/SplitSecond/Content/Museum/Textures/T_StageProps01_ORM.uasset" 1458
"C:/Users/Utkarsh Anand/Documents/Unreal Projects/SplitSecond/Content/Museum/Textures/T_StageProps01_ORM.uexp" 1459
"C:/Users/Utkarsh Anand/Documents/Unreal Projects/SplitSecond/Content/Museum/Materials/MI_StageProps.uasset" 1460
"C:/Users/Utkarsh Anand/Documents/Unreal Projects/SplitSecond/Content/Museum/Materials/MI_StageProps.uexp" 1461
"C:/Users/Utkarsh Anand/Documents/Unreal Projects/SplitSecond/Content/Museum/Meshes/SM_Chair_01.ubulk" 1462
"C:/Users/Utkarsh Anand/Documents/Unreal Projects/SplitSecond/Content/Museum/Meshes/SM_Chair_01.uasset" 1463
"C:/Users/Utkarsh Anand/Documents/Unreal Projects/SplitSecond/Content/Museum/Meshes/SM_Chair_01.uexp" 1464
"C:/Users/Utkarsh Anand/Documents/Unreal Projects/SplitSecond/Content/Museum/Textures/T_column_BC.ubulk" 1465
"C:/Users/Utkarsh Anand/Documents/Unreal Projects/SplitSecond/Content/Museum/Textures/T_column_BC.uasset" 1466
"C:/Users/Utkarsh Anand/Documents/Unreal Projects/SplitSecond/Content/Museum/Textures/T_column_BC.uexp" 1467
"C:/Users/Utkarsh Anand/Documents/Unreal Projects/SplitSecond/Content/Museum/Textures/T_column_N.ubulk" 1468
"C:/Users/Utkarsh Anand/Documents/Unreal Projects/SplitSecond/Content/Museum/Textures/T_column_N.uasset" 1469
"C:/Users/Utkarsh Anand/Documents/Unreal Projects/SplitSecond/Content/Museum/Textures/T_column_N.uexp" 1470
"C:/Users/Utkarsh Anand/Documents/Unreal Projects/SplitSecond/Content/Museum/Textures/T_column_ORM.ubulk" 1471
"C:/Users/Utkarsh Anand/Documents/Unreal Projects/SplitSecond/Content/Museum/Textures/T_column_ORM.uasset" 1472
"C:/Users/Utkarsh Anand/Documents/Unreal Projects/SplitSecond/Content/Museum/Textures/T_column_ORM.uexp" 1473
"C:/Users/Utkarsh Anand/Documents/Unreal Projects/SplitSecond/Content/Museum/Materials/MI_Column01.uasset" 1474
"C:/Users/Utkarsh Anand/Documents/Unreal Projects/SplitSecond/Content/Museum/Materials/MI_Column01.uexp" 1475
"C:/Users/Utkarsh Anand/Documents/Unreal Projects/SplitSecond/Content/Museum/Meshes/SM_Column01.ubulk" 1476
"C:/Users/Utkarsh Anand/Documents/Unreal Projects/SplitSecond/Content/Museum/Meshes/SM_Column01.uasset" 1477
"C:/Users/Utkarsh Anand/Documents/Unreal Projects/SplitSecond/Content/Museum/Meshes/SM_Column01.uexp" 1478
"C:/Users/Utkarsh Anand/Documents/Unreal Projects/SplitSecond/Content/Museum/Meshes/SM_CurvedWall02.ubulk" 1479
"C:/Users/Utkarsh Anand/Documents/Unreal Projects/SplitSecond/Content/Museum/Meshes/SM_CurvedWall02.uasset" 1480
"C:/Users/Utkarsh Anand/Documents/Unreal Projects/SplitSecond/Content/Museum/Meshes/SM_CurvedWall02.uexp" 1481
"C:/Users/Utkarsh Anand/Documents/Unreal Projects/SplitSecond/Content/Museum/Meshes/SM_Exit.ubulk" 1482
"C:/Users/Utkarsh Anand/Documents/Unreal Projects/SplitSecond/Content/Museum/Meshes/SM_Exit.uasset" 1483
"C:/Users/Utkarsh Anand/Documents/Unreal Projects/SplitSecond/Content/Museum/Meshes/SM_Exit.uexp" 1484
"C:/Users/Utkarsh Anand/Documents/Unreal Projects/SplitSecond/Content/Museum/Materials/MI_StageFloor01.uasset" 1485
"C:/Users/Utkarsh Anand/Documents/Unreal Projects/SplitSecond/Content/Museum/Materials/MI_StageFloor01.uexp" 1486
"C:/Users/Utkarsh Anand/Documents/Unreal Projects/SplitSecond/Content/Museum/Meshes/SM_FloorTile01.ubulk" 1487
"C:/Users/Utkarsh Anand/Documents/Unreal Projects/SplitSecond/Content/Museum/Meshes/SM_FloorTile01.uasset" 1488
"C:/Users/Utkarsh Anand/Documents/Unreal Projects/SplitSecond/Content/Museum/Meshes/SM_FloorTile01.uexp" 1489
"C:/Users/Utkarsh Anand/Documents/Unreal Projects/SplitSecond/Content/Museum/Textures/T_Frames_BC.ubulk" 1490
"C:/Users/Utkarsh Anand/Documents/Unreal Projects/SplitSecond/Content/Museum/Textures/T_Frames_BC.uasset" 1491
"C:/Users/Utkarsh Anand/Documents/Unreal Projects/SplitSecond/Content/Museum/Textures/T_Frames_BC.uexp" 1492
"C:/Users/Utkarsh Anand/Documents/Unreal Projects/SplitSecond/Content/Museum/Textures/T_Frames_N.ubulk" 1493
"C:/Users/Utkarsh Anand/Documents/Unreal Projects/SplitSecond/Content/Museum/Textures/T_Frames_N.uasset" 1494
"C:/Users/Utkarsh Anand/Documents/Unreal Projects/SplitSecond/Content/Museum/Textures/T_Frames_N.uexp" 1495
"C:/Users/Utkarsh Anand/Documents/Unreal Projects/SplitSecond/Content/Museum/Textures/T_Frames_ORM.ubulk" 1496
"C:/Users/Utkarsh Anand/Documents/Unreal Projects/SplitSecond/Content/Museum/Textures/T_Frames_ORM.uasset" 1497
"C:/Users/Utkarsh Anand/Documents/Unreal Projects/SplitSecond/Content/Museum/Textures/T_Frames_ORM.uexp" 1498
"C:/Users/Utkarsh Anand/Documents/Unreal Projects/SplitSecond/Content/Museum/Materials/MI_PictureFrames02.uasset" 1499
"C:/Users/Utkarsh Anand/Documents/Unreal Projects/SplitSecond/Content/Museum/Materials/MI_PictureFrames02.uexp" 1500
"C:/Users/Utkarsh Anand/Documents/Unreal Projects/SplitSecond/Content/Museum/Meshes/SM_Frame1_01.ubulk" 1501
"C:/Users/Utkarsh Anand/Documents/Unreal Projects/SplitSecond/Content/Museum/Meshes/SM_Frame1_01.uasset" 1502
"C:/Users/Utkarsh Anand/Documents/Unreal Projects/SplitSecond/Content/Museum/Meshes/SM_Frame1_01.uexp" 1503
"C:/Users/Utkarsh Anand/Documents/Unreal Projects/SplitSecond/Content/Museum/Meshes/SM_Frame2_01.ubulk" 1504
"C:/Users/Utkarsh Anand/Documents/Unreal Projects/SplitSecond/Content/Museum/Meshes/SM_Frame2_01.uasset" 1505
"C:/Users/Utkarsh Anand/Documents/Unreal Projects/SplitSecond/Content/Museum/Meshes/SM_Frame2_01.uexp" 1506
"C:/Users/Utkarsh Anand/Documents/Unreal Projects/SplitSecond/Content/Museum/Meshes/SM_Frame3_01.ubulk" 1507
"C:/Users/Utkarsh Anand/Documents/Unreal Projects/SplitSecond/Content/Museum/Meshes/SM_Frame3_01.uasset" 1508
"C:/Users/Utkarsh Anand/Documents/Unreal Projects/SplitSecond/Content/Museum/Meshes/SM_Frame3_01.uexp" 1509
"C:/Users/Utkarsh Anand/Documents/Unreal Projects/SplitSecond/Content/Museum/Meshes/SM_Frame4_01.ubulk" 1510
"C:/Users/Utkarsh Anand/Documents/Unreal Projects/SplitSecond/Content/Museum/Meshes/SM_Frame4_01.uasset" 1511
"C:/Users/Utkarsh Anand/Documents/Unreal Projects/SplitSecond/Content/Museum/Meshes/SM_Frame4_01.uexp" 1512
"C:/Users/Utkarsh Anand/Documents/Unreal Projects/SplitSecond/Content/Museum/Meshes/SM_Frame5_01.ubulk" 1513
"C:/Users/Utkarsh Anand/Documents/Unreal Projects/SplitSecond/Content/Museum/Meshes/SM_Frame5_01.uasset" 1514
"C:/Users/Utkarsh Anand/Documents/Unreal Projects/SplitSecond/Content/Museum/Meshes/SM_Frame5_01.uexp" 1515
"C:/Users/Utkarsh Anand/Documents/Unreal Projects/SplitSecond/Content/Museum/Textures/T_Hebe01_BC.ubulk" 1516
"C:/Users/Utkarsh Anand/Documents/Unreal Projects/SplitSecond/Content/Museum/Textures/T_Hebe01_BC.uasset" 1517
"C:/Users/Utkarsh Anand/Documents/Unreal Projects/SplitSecond/Content/Museum/Textures/T_Hebe01_BC.uexp" 1518
"C:/Users/Utkarsh Anand/Documents/Unreal Projects/SplitSecond/Content/Museum/Textures/T_Hebe01_ORM.ubulk" 1519
"C:/Users/Utkarsh Anand/Documents/Unreal Projects/SplitSecond/Content/Museum/Textures/T_Hebe01_ORM.uasset" 1520
"C:/Users/Utkarsh Anand/Documents/Unreal Projects/SplitSecond/Content/Museum/Textures/T_Hebe01_ORM.uexp" 1521
"C:/Users/Utkarsh Anand/Documents/Unreal Projects/SplitSecond/Content/Museum/Materials/MI_Hebe01.uasset" 1522
"C:/Users/Utkarsh Anand/Documents/Unreal Projects/SplitSecond/Content/Museum/Materials/MI_Hebe01.uexp" 1523
"C:/Users/Utkarsh Anand/Documents/Unreal Projects/SplitSecond/Content/Museum/Meshes/SM_Hebe.ubulk" 1524
"C:/Users/Utkarsh Anand/Documents/Unreal Projects/SplitSecond/Content/Museum/Meshes/SM_Hebe.uasset" 1525
"C:/Users/Utkarsh Anand/Documents/Unreal Projects/SplitSecond/Content/Museum/Meshes/SM_Hebe.uexp" 1526
"C:/Users/Utkarsh Anand/Documents/Unreal Projects/SplitSecond/Content/Museum/Textures/T_MetalDoor_BC.ubulk" 1527
"C:/Users/Utkarsh Anand/Documents/Unreal Projects/SplitSecond/Content/Museum/Textures/T_MetalDoor_BC.uasset" 1528
"C:/Users/Utkarsh Anand/Documents/Unreal Projects/SplitSecond/Content/Museum/Textures/T_MetalDoor_BC.uexp" 1529
"C:/Users/Utkarsh Anand/Documents/Unreal Projects/SplitSecond/Content/Museum/Textures/T_MetalDoor_N.ubulk" 1530
"C:/Users/Utkarsh Anand/Documents/Unreal Projects/SplitSecond/Content/Museum/Textures/T_MetalDoor_N.uasset" 1531
"C:/Users/Utkarsh Anand/Documents/Unreal Projects/SplitSecond/Content/Museum/Textures/T_MetalDoor_N.uexp" 1532
"C:/Users/Utkarsh Anand/Documents/Unreal Projects/SplitSecond/Content/Museum/Textures/T_MetalDoor_ORM.ubulk" 1533
"C:/Users/Utkarsh Anand/Documents/Unreal Projects/SplitSecond/Content/Museum/Textures/T_MetalDoor_ORM.uasset" 1534
"C:/Users/Utkarsh Anand/Documents/Unreal Projects/SplitSecond/Content/Museum/Textures/T_MetalDoor_ORM.uexp" 1535
"C:/Users/Utkarsh Anand/Documents/Unreal Projects/SplitSecond/Content/Museum/Materials/MI_MetalDoor01.uasset" 1536
"C:/Users/Utkarsh Anand/Documents/Unreal Projects/SplitSecond/Content/Museum/Materials/MI_MetalDoor01.uexp" 1537
"C:/Users/Utkarsh Anand/Documents/Unreal Projects/SplitSecond/Content/Museum/Meshes/SM_MetalDoorsFrame_01.ubulk" 1538
"C:/Users/Utkarsh Anand/Documents/Unreal Projects/SplitSecond/Content/Museum/Meshes/SM_MetalDoorsFrame_01.uasset" 1539
"C:/Users/Utkarsh Anand/Documents/Unreal Projects/SplitSecond/Content/Museum/Meshes/SM_MetalDoorsFrame_01.uexp" 1540
"C:/Users/Utkarsh Anand/Documents/Unreal Projects/SplitSecond/Content/Museum/Meshes/SM_MetalDoors_01.ubulk" 1541
"C:/Users/Utkarsh Anand/Documents/Unreal Projects/SplitSecond/Content/Museum/Meshes/SM_MetalDoors_01.uasset" 1542
"C:/Users/Utkarsh Anand/Documents/Unreal Projects/SplitSecond/Content/Museum/Meshes/SM_MetalDoors_01.uexp" 1543
"C:/Users/Utkarsh Anand/Documents/Unreal Projects/SplitSecond/Content/Museum/Meshes/SM_ModularCeiling01.ubulk" 1544
"C:/Users/Utkarsh Anand/Documents/Unreal Projects/SplitSecond/Content/Museum/Meshes/SM_ModularCeiling01.uasset" 1545
"C:/Users/Utkarsh Anand/Documents/Unreal Projects/SplitSecond/Content/Museum/Meshes/SM_ModularCeiling01.uexp" 1546
"C:/Users/Utkarsh Anand/Documents/Unreal Projects/SplitSecond/Content/Museum/Textures/T_Philosopher01_BC.ubulk" 1547
"C:/Users/Utkarsh Anand/Documents/Unreal Projects/SplitSecond/Content/Museum/Textures/T_Philosopher01_BC.uasset" 1548
"C:/Users/Utkarsh Anand/Documents/Unreal Projects/SplitSecond/Content/Museum/Textures/T_Philosopher01_BC.uexp" 1549
"C:/Users/Utkarsh Anand/Documents/Unreal Projects/SplitSecond/Content/Museum/Textures/T_Philosopher01_N.ubulk" 1550
"C:/Users/Utkarsh Anand/Documents/Unreal Projects/SplitSecond/Content/Museum/Textures/T_Philosopher01_N.uasset" 1551
"C:/Users/Utkarsh Anand/Documents/Unreal Projects/SplitSecond/Content/Museum/Textures/T_Philosopher01_N.uexp" 1552
"C:/Users/Utkarsh Anand/Documents/Unreal Projects/SplitSecond/Content/Museum/Textures/T_Philosopher01_ORM.ubulk" 1553
"C:/Users/Utkarsh Anand/Documents/Unreal Projects/SplitSecond/Content/Museum/Textures/T_Philosopher01_ORM.uasset" 1554
"C:/Users/Utkarsh Anand/Documents/Unreal Projects/SplitSecond/Content/Museum/Textures/T_Philosopher01_ORM.uexp" 1555
"C:/Users/Utkarsh Anand/Documents/Unreal Projects/SplitSecond/Content/Museum/Materials/MI_Philosopher01.uasset" 1556
"C:/Users/Utkarsh Anand/Documents/Unreal Projects/SplitSecond/Content/Museum/Materials/MI_Philosopher01.uexp" 1557
"C:/Users/Utkarsh Anand/Documents/Unreal Projects/SplitSecond/Content/Museum/Meshes/SM_Philosopher.ubulk" 1558
"C:/Users/Utkarsh Anand/Documents/Unreal Projects/SplitSecond/Content/Museum/Meshes/SM_Philosopher.uasset" 1559
"C:/Users/Utkarsh Anand/Documents/Unreal Projects/SplitSecond/Content/Museum/Meshes/SM_Philosopher.uexp" 1560
"C:/Users/Utkarsh Anand/Documents/Unreal Projects/SplitSecond/Content/Museum/Textures/T_PictureFrames01_BC.ubulk" 1561
"C:/Users/Utkarsh Anand/Documents/Unreal Projects/SplitSecond/Content/Museum/Textures/T_PictureFrames01_BC.uasset" 1562
"C:/Users/Utkarsh Anand/Documents/Unreal Projects/SplitSecond/Content/Museum/Textures/T_PictureFrames01_BC.uexp" 1563
"C:/Users/Utkarsh Anand/Documents/Unreal Projects/SplitSecond/Content/Museum/Textures/T_PictureFrames01_N.ubulk" 1564
"C:/Users/Utkarsh Anand/Documents/Unreal Projects/SplitSecond/Content/Museum/Textures/T_PictureFrames01_N.uasset" 1565
"C:/Users/Utkarsh Anand/Documents/Unreal Projects/SplitSecond/Content/Museum/Textures/T_PictureFrames01_N.uexp" 1566
"C:/Users/Utkarsh Anand/Documents/Unreal Projects/SplitSecond/Content/Museum/Textures/T_PictureFrames01_ORM.ubulk" 1567
"C:/Users/Utkarsh Anand/Documents/Unreal Projects/SplitSecond/Content/Museum/Textures/T_PictureFrames01_ORM.uasset" 1568
"C:/Users/Utkarsh Anand/Documents/Unreal Projects/SplitSecond/Content/Museum/Textures/T_PictureFrames01_ORM.uexp" 1569
"C:/Users/Utkarsh Anand/Documents/Unreal Projects/SplitSecond/Content/Museum/Materials/MI_PictureFrames01.uasset" 1570
"C:/Users/Utkarsh Anand/Documents/Unreal Projects/SplitSecond/Content/Museum/Materials/MI_PictureFrames01.uexp" 1571
"C:/Users/Utkarsh Anand/Documents/Unreal Projects/SplitSecond/Content/Museum/Meshes/SM_Picture01.ubulk" 1572
"C:/Users/Utkarsh Anand/Documents/Unreal Projects/SplitSecond/Content/Museum/Meshes/SM_Picture01.uasset" 1573
"C:/Users/Utkarsh Anand/Documents/Unreal Projects/SplitSecond/Content/Museum/Meshes/SM_Picture01.uexp" 1574
"C:/Users/Utkarsh Anand/Documents/Unreal Projects/SplitSecond/Content/Museum/Textures/T_SkyPainting04_BC.ubulk" 1575
"C:/Users/Utkarsh Anand/Documents/Unreal Projects/SplitSecond/Content/Museum/Textures/T_SkyPainting04_BC.uasset" 1576
"C:/Users/Utkarsh Anand/Documents/Unreal Projects/SplitSecond/Content/Museum/Textures/T_SkyPainting04_BC.uexp" 1577
"C:/Users/Utkarsh Anand/Documents/Unreal Projects/SplitSecond/Content/Museum/Materials/MI_Painting04.uasset" 1578
"C:/Users/Utkarsh Anand/Documents/Unreal Projects/SplitSecond/Content/Museum/Materials/MI_Painting04.uexp" 1579
"C:/Users/Utkarsh Anand/Documents/Unreal Projects/SplitSecond/Content/Museum/Meshes/SM_Picture02.ubulk" 1580
"C:/Users/Utkarsh Anand/Documents/Unreal Projects/SplitSecond/Content/Museum/Meshes/SM_Picture02.uasset" 1581
"C:/Users/Utkarsh Anand/Documents/Unreal Projects/SplitSecond/Content/Museum/Meshes/SM_Picture02.uexp" 1582
"C:/Users/Utkarsh Anand/Documents/Unreal Projects/SplitSecond/Content/Museum/Meshes/SM_Picture03.ubulk" 1583
"C:/Users/Utkarsh Anand/Documents/Unreal Projects/SplitSecond/Content/Museum/Meshes/SM_Picture03.uasset" 1584
"C:/Users/Utkarsh Anand/Documents/Unreal Projects/SplitSecond/Content/Museum/Meshes/SM_Picture03.uexp" 1585
"C:/Users/Utkarsh Anand/Documents/Unreal Projects/SplitSecond/Content/Museum/Meshes/SM_Picture04.ubulk" 1586
"C:/Users/Utkarsh Anand/Documents/Unreal Projects/SplitSecond/Content/Museum/Meshes/SM_Picture04.uasset" 1587
"C:/Users/Utkarsh Anand/Documents/Unreal Projects/SplitSecond/Content/Museum/Meshes/SM_Picture04.uexp" 1588
"C:/Users/Utkarsh Anand/Documents/Unreal Projects/SplitSecond/Content/Museum/Meshes/SM_PictureLabel.ubulk" 1589
"C:/Users/Utkarsh Anand/Documents/Unreal Projects/SplitSecond/Content/Museum/Meshes/SM_PictureLabel.uasset" 1590
"C:/Users/Utkarsh Anand/Documents/Unreal Projects/SplitSecond/Content/Museum/Meshes/SM_PictureLabel.uexp" 1591
"C:/Users/Utkarsh Anand/Documents/Unreal Projects/SplitSecond/Content/Museum/Meshes/SM_PicturePlane.ubulk" 1592
"C:/Users/Utkarsh Anand/Documents/Unreal Projects/SplitSecond/Content/Museum/Meshes/SM_PicturePlane.uasset" 1593
"C:/Users/Utkarsh Anand/Documents/Unreal Projects/SplitSecond/Content/Museum/Meshes/SM_PicturePlane.uexp" 1594
"C:/Users/Utkarsh Anand/Documents/Unreal Projects/SplitSecond/Content/Museum/Meshes/SM_PillarStand01.ubulk" 1595
"C:/Users/Utkarsh Anand/Documents/Unreal Projects/SplitSecond/Content/Museum/Meshes/SM_PillarStand01.uasset" 1596
"C:/Users/Utkarsh Anand/Documents/Unreal Projects/SplitSecond/Content/Museum/Meshes/SM_PillarStand01.uexp" 1597
"C:/Users/Utkarsh Anand/Documents/Unreal Projects/SplitSecond/Content/Museum/Meshes/SM_PillarStand02.ubulk" 1598
"C:/Users/Utkarsh Anand/Documents/Unreal Projects/SplitSecond/Content/Museum/Meshes/SM_PillarStand02.uasset" 1599
"C:/Users/Utkarsh Anand/Documents/Unreal Projects/SplitSecond/Content/Museum/Meshes/SM_PillarStand02.uexp" 1600
"C:/Users/Utkarsh Anand/Documents/Unreal Projects/SplitSecond/Content/Museum/Textures/T_railing01_BC.ubulk" 1601
"C:/Users/Utkarsh Anand/Documents/Unreal Projects/SplitSecond/Content/Museum/Textures/T_railing01_BC.uasset" 1602
"C:/Users/Utkarsh Anand/Documents/Unreal Projects/SplitSecond/Content/Museum/Textures/T_railing01_BC.uexp" 1603
"C:/Users/Utkarsh Anand/Documents/Unreal Projects/SplitSecond/Content/Museum/Textures/T_railing01_N.ubulk" 1604
"C:/Users/Utkarsh Anand/Documents/Unreal Projects/SplitSecond/Content/Museum/Textures/T_railing01_N.uasset" 1605
"C:/Users/Utkarsh Anand/Documents/Unreal Projects/SplitSecond/Content/Museum/Textures/T_railing01_N.uexp" 1606
"C:/Users/Utkarsh Anand/Documents/Unreal Projects/SplitSecond/Content/Museum/Textures/T_railing01_ORM.ubulk" 1607
"C:/Users/Utkarsh Anand/Documents/Unreal Projects/SplitSecond/Content/Museum/Textures/T_railing01_ORM.uasset" 1608
"C:/Users/Utkarsh Anand/Documents/Unreal Projects/SplitSecond/Content/Museum/Textures/T_railing01_ORM.uexp" 1609
"C:/Users/Utkarsh Anand/Documents/Unreal Projects/SplitSecond/Content/Museum/Materials/MI_Railing01.uasset" 1610
"C:/Users/Utkarsh Anand/Documents/Unreal Projects/SplitSecond/Content/Museum/Materials/MI_Railing01.uexp" 1611
"C:/Users/Utkarsh Anand/Documents/Unreal Projects/SplitSecond/Content/Museum/Meshes/SM_Railing01.ubulk" 1612
"C:/Users/Utkarsh Anand/Documents/Unreal Projects/SplitSecond/Content/Museum/Meshes/SM_Railing01.uasset" 1613
"C:/Users/Utkarsh Anand/Documents/Unreal Projects/SplitSecond/Content/Museum/Meshes/SM_Railing01.uexp" 1614
"C:/Users/Utkarsh Anand/Documents/Unreal Projects/SplitSecond/Content/Museum/Materials/MI_Staircase01.uasset" 1615
"C:/Users/Utkarsh Anand/Documents/Unreal Projects/SplitSecond/Content/Museum/Materials/MI_Staircase01.uexp" 1616
"C:/Users/Utkarsh Anand/Documents/Unreal Projects/SplitSecond/Content/Museum/Meshes/SM_StairDetail01.ubulk" 1617
"C:/Users/Utkarsh Anand/Documents/Unreal Projects/SplitSecond/Content/Museum/Meshes/SM_StairDetail01.uasset" 1618
"C:/Users/Utkarsh Anand/Documents/Unreal Projects/SplitSecond/Content/Museum/Meshes/SM_StairDetail01.uexp" 1619
"C:/Users/Utkarsh Anand/Documents/Unreal Projects/SplitSecond/Content/Museum/Meshes/SM_StairDetail02.ubulk" 1620
"C:/Users/Utkarsh Anand/Documents/Unreal Projects/SplitSecond/Content/Museum/Meshes/SM_StairDetail02.uasset" 1621
"C:/Users/Utkarsh Anand/Documents/Unreal Projects/SplitSecond/Content/Museum/Meshes/SM_StairDetail02.uexp" 1622
"C:/Users/Utkarsh Anand/Documents/Unreal Projects/SplitSecond/Content/Museum/Meshes/SM_StairDetail03.ubulk" 1623
"C:/Users/Utkarsh Anand/Documents/Unreal Projects/SplitSecond/Content/Museum/Meshes/SM_StairDetail03.uasset" 1624
"C:/Users/Utkarsh Anand/Documents/Unreal Projects/SplitSecond/Content/Museum/Meshes/SM_StairDetail03.uexp" 1625
"C:/Users/Utkarsh Anand/Documents/Unreal Projects/SplitSecond/Content/Museum/Meshes/SM_StairDetail04.ubulk" 1626
"C:/Users/Utkarsh Anand/Documents/Unreal Projects/SplitSecond/Content/Museum/Meshes/SM_StairDetail04.uasset" 1627
"C:/Users/Utkarsh Anand/Documents/Unreal Projects/SplitSecond/Content/Museum/Meshes/SM_StairDetail04.uexp" 1628
"C:/Users/Utkarsh Anand/Documents/Unreal Projects/SplitSecond/Content/Museum/Meshes/SM_StairDetail05.ubulk" 1629
"C:/Users/Utkarsh Anand/Documents/Unreal Projects/SplitSecond/Content/Museum/Meshes/SM_StairDetail05.uasset" 1630
"C:/Users/Utkarsh Anand/Documents/Unreal Projects/SplitSecond/Content/Museum/Meshes/SM_StairDetail05.uexp" 1631
"C:/Users/Utkarsh Anand/Documents/Unreal Projects/SplitSecond/Content/Museum/Meshes/SM_StairDetail06.ubulk" 1632
"C:/Users/Utkarsh Anand/Documents/Unreal Projects/SplitSecond/Content/Museum/Meshes/SM_StairDetail06.uasset" 1633
"C:/Users/Utkarsh Anand/Documents/Unreal Projects/SplitSecond/Content/Museum/Meshes/SM_StairDetail06.uexp" 1634
"C:/Users/Utkarsh Anand/Documents/Unreal Projects/SplitSecond/Content/Museum/Textures/T_Staircase03_BC.ubulk" 1635
"C:/Users/Utkarsh Anand/Documents/Unreal Projects/SplitSecond/Content/Museum/Textures/T_Staircase03_BC.uasset" 1636
"C:/Users/Utkarsh Anand/Documents/Unreal Projects/SplitSecond/Content/Museum/Textures/T_Staircase03_BC.uexp" 1637
"C:/Users/Utkarsh Anand/Documents/Unreal Projects/SplitSecond/Content/Museum/Textures/T_Staircase03_N.ubulk" 1638
"C:/Users/Utkarsh Anand/Documents/Unreal Projects/SplitSecond/Content/Museum/Textures/T_Staircase03_N.uasset" 1639
"C:/Users/Utkarsh Anand/Documents/Unreal Projects/SplitSecond/Content/Museum/Textures/T_Staircase03_N.uexp" 1640
"C:/Users/Utkarsh Anand/Documents/Unreal Projects/SplitSecond/Content/Museum/Textures/T_Staircase03_ORM.ubulk" 1641
"C:/Users/Utkarsh Anand/Documents/Unreal Projects/SplitSecond/Content/Museum/Textures/T_Staircase03_ORM.uasset" 1642
"C:/Users/Utkarsh Anand/Documents/Unreal Projects/SplitSecond/Content/Museum/Textures/T_Staircase03_ORM.uexp" 1643
"C:/Users/Utkarsh Anand/Documents/Unreal Projects/SplitSecond/Content/Museum/Materials/MI_Staircase03.uasset" 1644
"C:/Users/Utkarsh Anand/Documents/Unreal Projects/SplitSecond/Content/Museum/Materials/MI_Staircase03.uexp" 1645
"C:/Users/Utkarsh Anand/Documents/Unreal Projects/SplitSecond/Content/Museum/Meshes/SM_StairDetail07.ubulk" 1646
"C:/Users/Utkarsh Anand/Documents/Unreal Projects/SplitSecond/Content/Museum/Meshes/SM_StairDetail07.uasset" 1647
"C:/Users/Utkarsh Anand/Documents/Unreal Projects/SplitSecond/Content/Museum/Meshes/SM_StairDetail07.uexp" 1648
"C:/Users/Utkarsh Anand/Documents/Unreal Projects/SplitSecond/Content/Museum/Materials/MI_Staircase02.uasset" 1649
"C:/Users/Utkarsh Anand/Documents/Unreal Projects/SplitSecond/Content/Museum/Materials/MI_Staircase02.uexp" 1650
"C:/Users/Utkarsh Anand/Documents/Unreal Projects/SplitSecond/Content/Museum/Meshes/SM_StairDetail08.ubulk" 1651
"C:/Users/Utkarsh Anand/Documents/Unreal Projects/SplitSecond/Content/Museum/Meshes/SM_StairDetail08.uasset" 1652
"C:/Users/Utkarsh Anand/Documents/Unreal Projects/SplitSecond/Content/Museum/Meshes/SM_StairDetail08.uexp" 1653
"C:/Users/Utkarsh Anand/Documents/Unreal Projects/SplitSecond/Content/Museum/Textures/T_Staircase04_BC.ubulk" 1654
"C:/Users/Utkarsh Anand/Documents/Unreal Projects/SplitSecond/Content/Museum/Textures/T_Staircase04_BC.uasset" 1655
"C:/Users/Utkarsh Anand/Documents/Unreal Projects/SplitSecond/Content/Museum/Textures/T_Staircase04_BC.uexp" 1656
"C:/Users/Utkarsh Anand/Documents/Unreal Projects/SplitSecond/Content/Museum/Textures/T_Staircase04_N.ubulk" 1657
"C:/Users/Utkarsh Anand/Documents/Unreal Projects/SplitSecond/Content/Museum/Textures/T_Staircase04_N.uasset" 1658
"C:/Users/Utkarsh Anand/Documents/Unreal Projects/SplitSecond/Content/Museum/Textures/T_Staircase04_N.uexp" 1659
"C:/Users/Utkarsh Anand/Documents/Unreal Projects/SplitSecond/Content/Museum/Textures/T_Staircase04_ORM.ubulk" 1660
"C:/Users/Utkarsh Anand/Documents/Unreal Projects/SplitSecond/Content/Museum/Textures/T_Staircase04_ORM.uasset" 1661
"C:/Users/Utkarsh Anand/Documents/Unreal Projects/SplitSecond/Content/Museum/Textures/T_Staircase04_ORM.uexp" 1662
"C:/Users/Utkarsh Anand/Documents/Unreal Projects/SplitSecond/Content/Museum/Materials/MI_Staircase04.uasset" 1663
"C:/Users/Utkarsh Anand/Documents/Unreal Projects/SplitSecond/Content/Museum/Materials/MI_Staircase04.uexp" 1664
"C:/Users/Utkarsh Anand/Documents/Unreal Projects/SplitSecond/Content/Museum/Meshes/SM_StairDetail09.ubulk" 1665
"C:/Users/Utkarsh Anand/Documents/Unreal Projects/SplitSecond/Content/Museum/Meshes/SM_StairDetail09.uasset" 1666
"C:/Users/Utkarsh Anand/Documents/Unreal Projects/SplitSecond/Content/Museum/Meshes/SM_StairDetail09.uexp" 1667
"C:/Users/Utkarsh Anand/Documents/Unreal Projects/SplitSecond/Content/Museum/Meshes/SM_StairDetail10.ubulk" 1668
"C:/Users/Utkarsh Anand/Documents/Unreal Projects/SplitSecond/Content/Museum/Meshes/SM_StairDetail10.uasset" 1669
"C:/Users/Utkarsh Anand/Documents/Unreal Projects/SplitSecond/Content/Museum/Meshes/SM_StairDetail10.uexp" 1670
"C:/Users/Utkarsh Anand/Documents/Unreal Projects/SplitSecond/Content/Museum/Meshes/SM_StairDetail11.ubulk" 1671
"C:/Users/Utkarsh Anand/Documents/Unreal Projects/SplitSecond/Content/Museum/Meshes/SM_StairDetail11.uasset" 1672
"C:/Users/Utkarsh Anand/Documents/Unreal Projects/SplitSecond/Content/Museum/Meshes/SM_StairDetail11.uexp" 1673
"C:/Users/Utkarsh Anand/Documents/Unreal Projects/SplitSecond/Content/Museum/Meshes/SM_StairDetail12.ubulk" 1674
"C:/Users/Utkarsh Anand/Documents/Unreal Projects/SplitSecond/Content/Museum/Meshes/SM_StairDetail12.uasset" 1675
"C:/Users/Utkarsh Anand/Documents/Unreal Projects/SplitSecond/Content/Museum/Meshes/SM_StairDetail12.uexp" 1676
"C:/Users/Utkarsh Anand/Documents/Unreal Projects/SplitSecond/Content/Museum/Meshes/SM_StairDetail13.ubulk" 1677
"C:/Users/Utkarsh Anand/Documents/Unreal Projects/SplitSecond/Content/Museum/Meshes/SM_StairDetail13.uasset" 1678
"C:/Users/Utkarsh Anand/Documents/Unreal Projects/SplitSecond/Content/Museum/Meshes/SM_StairDetail13.uexp" 1679
"C:/Users/Utkarsh Anand/Documents/Unreal Projects/SplitSecond/Content/Museum/Textures/T_Stand_BC.ubulk" 1680
"C:/Users/Utkarsh Anand/Documents/Unreal Projects/SplitSecond/Content/Museum/Textures/T_Stand_BC.uasset" 1681
"C:/Users/Utkarsh Anand/Documents/Unreal Projects/SplitSecond/Content/Museum/Textures/T_Stand_BC.uexp" 1682
"C:/Users/Utkarsh Anand/Documents/Unreal Projects/SplitSecond/Content/Museum/Textures/T_Stand_N.ubulk" 1683
"C:/Users/Utkarsh Anand/Documents/Unreal Projects/SplitSecond/Content/Museum/Textures/T_Stand_N.uasset" 1684
"C:/Users/Utkarsh Anand/Documents/Unreal Projects/SplitSecond/Content/Museum/Textures/T_Stand_N.uexp" 1685
"C:/Users/Utkarsh Anand/Documents/Unreal Projects/SplitSecond/Content/Museum/Textures/T_Stand_ORM.ubulk" 1686
"C:/Users/Utkarsh Anand/Documents/Unreal Projects/SplitSecond/Content/Museum/Textures/T_Stand_ORM.uasset" 1687
"C:/Users/Utkarsh Anand/Documents/Unreal Projects/SplitSecond/Content/Museum/Textures/T_Stand_ORM.uexp" 1688
"C:/Users/Utkarsh Anand/Documents/Unreal Projects/SplitSecond/Content/Museum/Materials/MI_StandAndRope.uasset" 1689
"C:/Users/Utkarsh Anand/Documents/Unreal Projects/SplitSecond/Content/Museum/Materials/MI_StandAndRope.uexp" 1690
"C:/Users/Utkarsh Anand/Documents/Unreal Projects/SplitSecond/Content/Museum/Meshes/SM_Stand03.ubulk" 1691
"C:/Users/Utkarsh Anand/Documents/Unreal Projects/SplitSecond/Content/Museum/Meshes/SM_Stand03.uasset" 1692
"C:/Users/Utkarsh Anand/Documents/Unreal Projects/SplitSecond/Content/Museum/Meshes/SM_Stand03.uexp" 1693
"C:/Users/Utkarsh Anand/Documents/Unreal Projects/SplitSecond/Content/Museum/Meshes/SM_Stand_corner.ubulk" 1694
"C:/Users/Utkarsh Anand/Documents/Unreal Projects/SplitSecond/Content/Museum/Meshes/SM_Stand_corner.uasset" 1695
"C:/Users/Utkarsh Anand/Documents/Unreal Projects/SplitSecond/Content/Museum/Meshes/SM_Stand_corner.uexp" 1696
"C:/Users/Utkarsh Anand/Documents/Unreal Projects/SplitSecond/Content/Museum/Meshes/SM_WallCable01.ubulk" 1697
"C:/Users/Utkarsh Anand/Documents/Unreal Projects/SplitSecond/Content/Museum/Meshes/SM_WallCable01.uasset" 1698
"C:/Users/Utkarsh Anand/Documents/Unreal Projects/SplitSecond/Content/Museum/Meshes/SM_WallCable01.uexp" 1699
"C:/Users/Utkarsh Anand/Documents/Unreal Projects/SplitSecond/Content/Museum/Meshes/SM_WallCable02.ubulk" 1700
"C:/Users/Utkarsh Anand/Documents/Unreal Projects/SplitSecond/Content/Museum/Meshes/SM_WallCable02.uasset" 1701
"C:/Users/Utkarsh Anand/Documents/Unreal Projects/SplitSecond/Content/Museum/Meshes/SM_WallCable02.uexp" 1702
"C:/Users/Utkarsh Anand/Documents/Unreal Projects/SplitSecond/Content/Museum/Meshes/SM_WallCable03.ubulk" 1703
"C:/Users/Utkarsh Anand/Documents/Unreal Projects/SplitSecond/Content/Museum/Meshes/SM_WallCable03.uasset" 1704
"C:/Users/Utkarsh Anand/Documents/Unreal Projects/SplitSecond/Content/Museum/Meshes/SM_WallCable03.uexp" 1705
"C:/Users/Utkarsh Anand/Documents/Unreal Projects/SplitSecond/Content/Museum/Meshes/SM_WallTrim01.ubulk" 1706
"C:/Users/Utkarsh Anand/Documents/Unreal Projects/SplitSecond/Content/Museum/Meshes/SM_WallTrim01.uasset" 1707
"C:/Users/Utkarsh Anand/Documents/Unreal Projects/SplitSecond/Content/Museum/Meshes/SM_WallTrim01.uexp" 1708
"C:/Users/Utkarsh Anand/Documents/Unreal Projects/SplitSecond/Content/Museum/Meshes/SM_WallTrim02.ubulk" 1709
"C:/Users/Utkarsh Anand/Documents/Unreal Projects/SplitSecond/Content/Museum/Meshes/SM_WallTrim02.uasset" 1710
"C:/Users/Utkarsh Anand/Documents/Unreal Projects/SplitSecond/Content/Museum/Meshes/SM_WallTrim02.uexp" 1711
"C:/Users/Utkarsh Anand/Documents/Unreal Projects/SplitSecond/Content/Museum/Materials/MI_Glass02.uasset" 1712
"C:/Users/Utkarsh Anand/Documents/Unreal Projects/SplitSecond/Content/Museum/Materials/MI_Glass02.uexp" 1713
"C:/Users/Utkarsh Anand/Documents/Unreal Projects/SplitSecond/Content/Museum/Textures/T_window_01_BC.ubulk" 1714
"C:/Users/Utkarsh Anand/Documents/Unreal Projects/SplitSecond/Content/Museum/Textures/T_window_01_BC.uasset" 1715
"C:/Users/Utkarsh Anand/Documents/Unreal Projects/SplitSecond/Content/Museum/Textures/T_window_01_BC.uexp" 1716
"C:/Users/Utkarsh Anand/Documents/Unreal Projects/SplitSecond/Content/Museum/Textures/T_window_01_N.ubulk" 1717
"C:/Users/Utkarsh Anand/Documents/Unreal Projects/SplitSecond/Content/Museum/Textures/T_window_01_N.uasset" 1718
"C:/Users/Utkarsh Anand/Documents/Unreal Projects/SplitSecond/Content/Museum/Textures/T_window_01_N.uexp" 1719
"C:/Users/Utkarsh Anand/Documents/Unreal Projects/SplitSecond/Content/Museum/Textures/T_window_01_ORM.ubulk" 1720
"C:/Users/Utkarsh Anand/Documents/Unreal Projects/SplitSecond/Content/Museum/Textures/T_window_01_ORM.uasset" 1721
"C:/Users/Utkarsh Anand/Documents/Unreal Projects/SplitSecond/Content/Museum/Textures/T_window_01_ORM.uexp" 1722
"C:/Users/Utkarsh Anand/Documents/Unreal Projects/SplitSecond/Content/Museum/Materials/MI_WindowFrame01.uasset" 1723
"C:/Users/Utkarsh Anand/Documents/Unreal Projects/SplitSecond/Content/Museum/Materials/MI_WindowFrame01.uexp" 1724
"C:/Users/Utkarsh Anand/Documents/Unreal Projects/SplitSecond/Content/Museum/Meshes/SM_window_02.ubulk" 1725
"C:/Users/Utkarsh Anand/Documents/Unreal Projects/SplitSecond/Content/Museum/Meshes/SM_window_02.uasset" 1726
"C:/Users/Utkarsh Anand/Documents/Unreal Projects/SplitSecond/Content/Museum/Meshes/SM_window_02.uexp" 1727
"C:/Users/Utkarsh Anand/Documents/Unreal Projects/SplitSecond/Content/Museum/Meshes/SM_window_05.ubulk" 1728
"C:/Users/Utkarsh Anand/Documents/Unreal Projects/SplitSecond/Content/Museum/Meshes/SM_window_05.uasset" 1729
"C:/Users/Utkarsh Anand/Documents/Unreal Projects/SplitSecond/Content/Museum/Meshes/SM_window_05.uexp" 1730
"C:/Users/Utkarsh Anand/Documents/Unreal Projects/SplitSecond/Content/Museum/Meshes/SM_CeilingDetail05.ubulk" 1731
"C:/Users/Utkarsh Anand/Documents/Unreal Projects/SplitSecond/Content/Museum/Meshes/SM_CeilingDetail05.uasset" 1732
"C:/Users/Utkarsh Anand/Documents/Unreal Projects/SplitSecond/Content/Museum/Meshes/SM_CeilingDetail05.uexp" 1733
"C:/Users/Utkarsh Anand/Documents/Unreal Projects/SplitSecond/Content/Museum/Meshes/SM_CurvedWall03.ubulk" 1734
"C:/Users/Utkarsh Anand/Documents/Unreal Projects/SplitSecond/Content/Museum/Meshes/SM_CurvedWall03.uasset" 1735
"C:/Users/Utkarsh Anand/Documents/Unreal Projects/SplitSecond/Content/Museum/Meshes/SM_CurvedWall03.uexp" 1736
"C:/Users/Utkarsh Anand/Documents/Unreal Projects/SplitSecond/Content/Museum/Meshes/SM_FramesCord_01.ubulk" 1737
"C:/Users/Utkarsh Anand/Documents/Unreal Projects/SplitSecond/Content/Museum/Meshes/SM_FramesCord_01.uasset" 1738
"C:/Users/Utkarsh Anand/Documents/Unreal Projects/SplitSecond/Content/Museum/Meshes/SM_FramesCord_01.uexp" 1739
"C:/Users/Utkarsh Anand/Documents/Unreal Projects/SplitSecond/Content/Museum/Meshes/SM_OvalPainting.ubulk" 1740
"C:/Users/Utkarsh Anand/Documents/Unreal Projects/SplitSecond/Content/Museum/Meshes/SM_OvalPainting.uasset" 1741
"C:/Users/Utkarsh Anand/Documents/Unreal Projects/SplitSecond/Content/Museum/Meshes/SM_OvalPainting.uexp" 1742
"C:/Users/Utkarsh Anand/Documents/Unreal Projects/SplitSecond/Content/Materials/Emmisive.uasset" 1743
"C:/Users/Utkarsh Anand/Documents/Unreal Projects/SplitSecond/Content/Materials/Emmisive.uexp" 1744
"C:/Users/Utkarsh Anand/Documents/Unreal Projects/SplitSecond/Content/Blueprints/BP_ExitDoor.uasset" 1745
"C:/Users/Utkarsh Anand/Documents/Unreal Projects/SplitSecond/Content/Blueprints/BP_ExitDoor.uexp" 1746
"../../../Engine/Content/EngineMaterials/DefaultPhysicalMaterial.uasset" 1747
"../../../Engine/Content/EngineMaterials/DefaultPhysicalMaterial.uexp" 1748
"C:/Users/Utkarsh Anand/Documents/Unreal Projects/SplitSecond/Content/Museum/Meshes/SM_Column01_SM_Column01/GC_SM_Column.uasset" 1749
"C:/Users/Utkarsh Anand/Documents/Unreal Projects/SplitSecond/Content/Museum/Meshes/SM_Column01_SM_Column01/GC_SM_Column.uexp" 1750
"C:/Users/Utkarsh Anand/Documents/Unreal Projects/SplitSecond/Content/Blueprints/BP_GC_SM_Column.uasset" 1751
"C:/Users/Utkarsh Anand/Documents/Unreal Projects/SplitSecond/Content/Blueprints/BP_GC_SM_Column.uexp" 1752
"C:/Users/Utkarsh Anand/Documents/Unreal Projects/SplitSecond/Content/Museum/Maps/Demo_BuiltData.ubulk" 1753
"C:/Users/Utkarsh Anand/Documents/Unreal Projects/SplitSecond/Content/Museum/Maps/Demo_BuiltData.uasset" 1754
"C:/Users/Utkarsh Anand/Documents/Unreal Projects/SplitSecond/Content/Museum/Maps/Demo_BuiltData.uexp" 1755
"C:/Users/Utkarsh Anand/Documents/Unreal Projects/SplitSecond/Content/Museum/Maps/Demo.uexp" 1756
"C:/Users/Utkarsh Anand/Documents/Unreal Projects/SplitSecond/Content/Museum/Maps/Demo.umap" 1757
